5008194;2023-11-25 10:30:00;;;;;70;22;60;E;20;Air Terjun Belawan;Kab. Bondowoso;Jawa Timur;-7.985;114.174
5008235;2023-11-25 10:30:00;;;;;60;26;1;E;20;Ajung;Kab. Jember;Jawa Timur;-8.245;113.651
5008314;2023-11-25 10:30:00;;;;;65;22;61;SE;20;Alun - Alun Kota Batu;Kota Batu;Jawa Timur;-7.87;112.526
5008317;2023-11-25 10:30:00;;;;;55;28;60;SE;20;Alun - Alun Kota Blitar;Kota Blitar;Jawa Timur;-8.098;112.165
5008404;2023-11-25 10:30:00;;;;;60;27;95;E;20;Alun - Alun Lumajang;Kab. Lumajang;Jawa Timur;-7.954;113.289
5008330;2023-11-25 10:30:00;;;;;55;27;63;E;20;Alun - alun kota Malang;Kota Malang;Jawa Timur;-7.982;112.631
5008236;2023-11-25 10:30:00;;;;;60;28;2;E;20;Ambulu;Kab. Jember;Jawa Timur;-8.342;113.605
5008685;2023-11-25 10:30:00;;;;;60;28;0;E;30;Ambunten;Kab. Sumenep;Jawa Timur;-6.893068;113.742099
5008459;2023-11-25 10:30:00;;;;;60;26;63;E;30;Ampelgading;Kab. Malang;Jawa Timur;-8.253;112.828
5008686;2023-11-25 10:30:00;;;;;70;27;0;E;20;Arjasa;Kab. Sumenep;Jawa Timur;-6.859068;115.286107
5008237;2023-11-25 10:30:00;;;;;60;26;61;E;20;Arjasa;Kab. Jember;Jawa Timur;-8.117;113.747
5008669;2023-11-25 10:30:00;;;;;55;28;60;E;20;Arjasa;Kab. Sumenep;Jawa Timur;-7.8501597;114.0528826
5008548;2023-11-25 10:30:00;;;;;60;26;63;SE;20;Arjosari;Kab. Pacitan;Jawa Timur;-8.056085;111.164346
5008101;2023-11-25 10:30:00;;;;;60;29;2;E;20;Arosbaya;Kab. Bangkalan;Jawa Timur;-6.948;112.85
5008670;2023-11-25 10:30:00;;;;;55;27;60;E;20;Asembagus;Kab. Situbondo;Jawa Timur;-7.8421642;114.146737
5008347;2023-11-25 10:30:00;;;;;50;31;60;E;20;Asemrowo;Kota Surabaya;Jawa Timur;-7.250629;112.6689852
5008595;2023-11-25 10:30:00;;;;;55;31;63;SE;20;Babadan;Kab. Ponorogo;Jawa Timur;-7.813045;111.492004
5008378;2023-11-25 10:30:00;;;;;55;30;1;SE;20;Babat;Kab. Lamongan;Jawa Timur;-7.1;112.18
5008288;2023-11-25 10:30:00;;;;;60;28;61;SE;20;Badas;Kab. Kediri;Jawa Timur;-7.725;112.168
5008596;2023-11-25 10:30:00;;;;;60;26;63;SE;20;Badegan;Kab. Ponorogo;Jawa Timur;-7.90011;111.292877
5008511;2023-11-25 10:30:00;;;;;55;29;61;S;20;Bagor;Kab. Nganjuk;Jawa Timur;-7.5748898;111.782701
5008289;2023-11-25 10:30:00;;;;;55;28;61;SE;20;Baikalan;Kab. Kediri;Jawa Timur;-7.761;111.974
5008144;2023-11-25 10:30:00;;;;;60;27;61;E;20;Bakung;Kab. Blitar;Jawa Timur;-8.264;112.064
5008460;2023-11-25 10:30:00;;;;;60;27;60;E;30;Bale Kambang;Kab. Malang;Jawa Timur;-8.402;112.533
5008168;2023-11-25 10:30:00;;;;;55;30;60;SE;20;Balen;Kab. Bojonegoro;Jawa Timur;-7.1959653;111.9641728
5008427;2023-11-25 10:30:00;;;;;55;29;61;SE;20;Balerejo;Kab. Madiun;Jawa Timur;-7.5362501;111.5581237
5008597;2023-11-25 10:30:00;;;;;55;31;63;SE;20;Balong;Kab. Ponorogo;Jawa Timur;-7.965398;111.42746
5008218;2023-11-25 10:30:00;;;;;55;31;63;SE;20;Balong Panggang;Kab. Gresik;Jawa Timur;-7.2627051;112.4326117
5008652;2023-11-25 10:30:00;;;;;55;28;61;SE;20;Balongbendo;Kab. Sidoarjo;Jawa Timur;-7.409701;112.5452956
5008238;2023-11-25 10:30:00;;;;;60;30;60;E;20;Balung;Kab. Jember;Jawa Timur;-8.274;113.455
5008725;2023-11-25 10:30:00;;;;;60;28;0;SE;20;Bancar;Kab. Tuban;Jawa Timur;-6.813;111.737
5008549;2023-11-25 10:30:00;;;;;60;26;63;SE;20;Bandar;Kab. Pacitan;Jawa Timur;-7.993787;111.247215
5008268;2023-11-25 10:30:00;;;;;55;28;60;SE;20;Bandar Kedung Mulyo;Kab. Jombang;Jawa Timur;-7.574;112.141
5008331;2023-11-25 10:30:00;;;;;55;27;63;E;20;Bandara Abdul Rahman Saleh;Kota Malang;Jawa Timur;-7.926;112.715
5008744;2023-11-25 10:30:00;;;;;60;26;60;E;20;Bandung;Kab. Tulungagung;Jawa Timur;-8.172;111.729
5008571;2023-11-25 10:30:00;;;;;60;30;63;E;20;Bangil;Kab. Pasuruan;Jawa Timur;-7.5866746;112.790717
5008726;2023-11-25 10:30:00;;;;;60;28;1;SE;20;Bangilan;Kab. Tuban;Jawa Timur;-6.966;111.701
501272;2023-11-25 10:30:00;;;;;60;29;1;E;20;Bangkalan;Kab. Bangkalan;Jawa Timur;-7.033333333;112.7667
5008118;2023-11-25 10:30:00;;;;;60;29;0;E;20;Bangorejo;Kab. Banyuwangi;Jawa Timur;-8.551;114.093
5008493;2023-11-25 10:30:00;;;;;55;28;61;SE;20;Bangsal;Kab. Mojokerto;Jawa Timur;-7.497;112.481
5008239;2023-11-25 10:30:00;;;;;60;30;63;E;20;Bangsalsari;Kab. Jember;Jawa Timur;-8.201;113.53
5008615;2023-11-25 10:30:00;;;;;60;29;95;E;20;Bantaran;Kab. Probolinggo;Jawa Timur;-7.8715705;113.1469255
5008461;2023-11-25 10:30:00;;;;;60;27;60;E;30;Bantur;Kab. Malang;Jawa Timur;-8.302;112.479
5008616;2023-11-25 10:30:00;;;;;60;27;95;E;20;Banyuanyar;Kab. Probolinggo;Jawa Timur;-7.8695945;113.2785455
5008639;2023-11-25 10:30:00;;;;;60;28;0;E;20;Banyuates;Kab. Sampang;Jawa Timur;-6.897;113.201
5008671;2023-11-25 10:30:00;;;;;55;28;60;E;20;Banyuglugur;Kab. Situbondo;Jawa Timur;-7.7571656;113.593252
5008672;2023-11-25 10:30:00;;;;;55;27;60;E;20;Banyuputih;Kab. Situbondo;Jawa Timur;-7.8258108;114.2793866
501273;2023-11-25 10:30:00;;;;;65;29;60;E;20;Banyuwangi;Kab. Banyuwangi;Jawa Timur;-8.216666667;114.35
5008442;2023-11-25 10:30:00;;;;;55;29;63;SE;20;Barat;Kab. Magetan;Jawa Timur;-7.55140569999999;111.4573989
5008269;2023-11-25 10:30:00;;;;;55;28;60;SE;20;Bareng;Kab. Jombang;Jawa Timur;-7.676;112.301
5008512;2023-11-25 10:30:00;;;;;55;28;60;S;20;Baron;Kab. Nganjuk;Jawa Timur;-7.587743;112.0162264
5008687;2023-11-25 10:30:00;;;;;60;29;2;E;20;Batang Batang;Kab. Sumenep;Jawa Timur;-6.949;114.013
501274;2023-11-25 10:30:00;;;;;65;22;61;SE;20;Batu;Kota Batu;Jawa Timur;-7.83708;112.53144
5008688;2023-11-25 10:30:00;;;;;60;28;1;E;30;Batuan;Kab. Sumenep;Jawa Timur;-7.023;113.84
5008559;2023-11-25 10:30:00;;;;;60;27;1;E;20;Batumarmar;Kab. Pamekasan;Jawa Timur;-7.009579;113.47229
5008689;2023-11-25 10:30:00;;;;;60;29;1;E;20;Batuputih;Kab. Sumenep;Jawa Timur;-6.913;113.941
5008169;2023-11-25 10:30:00;;;;;55;30;60;SE;20;Baureno;Kab. Bojonegoro;Jawa Timur;-7.1294353;112.083406599999
5008572;2023-11-25 10:30:00;;;;;60;30;95;E;20;Beji;Kab. Pasuruan;Jawa Timur;-7.603863;112.7297584
5008443;2023-11-25 10:30:00;;;;;55;29;95;SE;20;Bendo;Kab. Magetan;Jawa Timur;-7.64920889999999;111.439512799999
5008712;2023-11-25 10:30:00;;;;;60;26;61;SE;20;Bendungan;Kab. Trenggalek;Jawa Timur;-7.952;111.664
5008219;2023-11-25 10:30:00;;;;;55;31;63;SE;20;Benjeng;Kab. Gresik;Jawa Timur;-7.2629204;112.496023
5008348;2023-11-25 10:30:00;;;;;50;31;60;E;20;Benowo;Kota Surabaya;Jawa Timur;-7.2503874;112.657651
5008513;2023-11-25 10:30:00;;;;;60;25;61;SE;20;Berbek;Kab. Nganjuk;Jawa Timur;-7.6537651;111.8047157
5008617;2023-11-25 10:30:00;;;;;60;29;95;E;20;Besuk;Kab. Probolinggo;Jawa Timur;-7.8556599;113.1859766
5008673;2023-11-25 10:30:00;;;;;55;28;60;E;20;Besuki;Kab. Situbondo;Jawa Timur;-7.7498367;113.6692496
5008745;2023-11-25 10:30:00;;;;;60;27;60;E;20;Besuki;Kab. Tulungagung;Jawa Timur;-8.219646;111.782455
5008195;2023-11-25 10:30:00;;;;;70;22;60;E;20;Binakal;Kab. Bondowoso;Jawa Timur;-7.918;113.695
5008145;2023-11-25 10:30:00;;;;;60;28;60;SE;20;Binangun;Kab. Blitar;Jawa Timur;-8.232;112.334
5008102;2023-11-25 10:30:00;;;;;55;29;1;E;20;Blega;Kab. Bangkalan;Jawa Timur;-7.15;112.998
5008332;2023-11-25 10:30:00;;;;;55;27;63;E;20;Blimbing;Kota Malang;Jawa Timur;-7.953;112.617
5008119;2023-11-25 10:30:00;;;;;65;29;60;E;20;Blimbingsari;Kab. Banyuwangi;Jawa Timur;-8.323;114.331
5008690;2023-11-25 10:30:00;;;;;60;28;1;E;30;Bluto;Kab. Sumenep;Jawa Timur;-7.101;113.775
501277;2023-11-25 10:30:00;;;;;55;30;60;SE;20;Bojonegoro;Kab. Bojonegoro;Jawa Timur;-7.183333334;111.9
501278;2023-11-25 10:30:00;;;;;60;28;60;E;20;Bondowoso;Kab. Bondowoso;Jawa Timur;-7.916666669;113.8167
5008196;2023-11-25 10:30:00;;;;;60;28;60;E;20;Botolinggo;Kab. Bondowoso;Jawa Timur;-7.9107;113.974
5008746;2023-11-25 10:30:00;;;;;55;29;60;SE;20;Boyolangu;Kab. Tulungagung;Jawa Timur;-8.106;111.884
5008530;2023-11-25 10:30:00;;;;;55;29;61;S;20;Bringin;Kab. Ngawi;Jawa Timur;-7.3975147;111.5826028
5008379;2023-11-25 10:30:00;;;;;60;28;61;E;20;Brondong;Kab. Lamongan;Jawa Timur;-6.883;112.27258
5008170;2023-11-25 10:30:00;;;;;55;30;60;SE;20;Bubulan;Kab. Bojonegoro;Jawa Timur;-7.3245837;111.821086599999
5008349;2023-11-25 10:30:00;;;;;50;31;60;E;20;Bubutan;Kota Surabaya;Jawa Timur;-7.2468751;112.7185095
5008653;2023-11-25 10:30:00;;;;;55;30;63;E;20;Buduran;Kab. Sidoarjo;Jawa Timur;-7.4429427;112.7201201
5008339;2023-11-25 10:30:00;;;;;55;31;63;E;20;BugulKidul;Kota Pasuruan;Jawa Timur;-7.6508121;112.9071609
5008350;2023-11-25 10:30:00;;;;;50;31;60;E;20;Bulak;Kota Surabaya;Jawa Timur;-7.2315917;112.7833279
5008380;2023-11-25 10:30:00;;;;;55;30;60;SE;20;Buluk;Kab. Lamongan;Jawa Timur;-7.2757;112.1316
5008462;2023-11-25 10:30:00;;;;;60;27;63;E;20;Bululawang;Kab. Malang;Jawa Timur;-8.094;112.612
5008315;2023-11-25 10:30:00;;;;;65;22;61;SE;20;Bumiaji;Kota Batu;Jawa Timur;-7.804;112.463
5008220;2023-11-25 10:30:00;;;;;60;29;63;E;20;Bungah;Kab. Gresik;Jawa Timur;-7.0439646;112.5646252
5008674;2023-11-25 10:30:00;;;;;55;28;60;E;20;Bungatan;Kab. Situbondo;Jawa Timur;-7.7308656;113.786532
5008598;2023-11-25 10:30:00;;;;;60;25;95;SE;20;Bungkal;Kab. Ponorogo;Jawa Timur;-8.000757;111.452179
5008103;2023-11-25 10:30:00;;;;;60;29;1;E;20;Burneh;Kab. Bangkalan;Jawa Timur;-7.038;112.768
5008640;2023-11-25 10:30:00;;;;;55;29;1;E;20;Camplong;Kab. Sampang;Jawa Timur;-7.217;113.298
5008747;2023-11-25 10:30:00;;;;;60;27;61;E;20;Campurdarat;Kab. Tulungagung;Jawa Timur;-8.174;111.827
5008654;2023-11-25 10:30:00;;;;;60;30;95;E;20;Candi;Kab. Sidoarjo;Jawa Timur;-7.4852947;112.6969795
5008318;2023-11-25 10:30:00;;;;;55;28;60;SE;20;Candi Penataran;Kota Blitar;Jawa Timur;-8.016;112.209
5008290;2023-11-25 10:30:00;;;;;60;28;61;SE;20;Candi Teguwangi;Kab. Kediri;Jawa Timur;-7.734;112.161
5008405;2023-11-25 10:30:00;;;;;55;29;61;E;20;Candipuro;Kab. Lumajang;Jawa Timur;-8.127;113.206
5008221;2023-11-25 10:30:00;;;;;60;29;63;E;20;Cerme;Kab. Gresik;Jawa Timur;-7.231836;112.5640142
5008197;2023-11-25 10:30:00;;;;;60;28;60;E;20;Cermee;Kab. Bondowoso;Jawa Timur;-7.875;113.992
5008120;2023-11-25 10:30:00;;;;;60;29;60;E;20;Cluring;Kab. Banyuwangi;Jawa Timur;-8.435;114.2009
5008198;2023-11-25 10:30:00;;;;;60;28;60;E;20;Curahdami;Kab. Bondowoso;Jawa Timur;-7.924;113.7405
5008428;2023-11-25 10:30:00;;;;;55;29;63;SE;20;Dagangan;Kab. Madiun;Jawa Timur;-7.7232772;111.5299089
5008463;2023-11-25 10:30:00;;;;;60;26;63;E;30;Dampit;Kab. Malang;Jawa Timur;-8.245;112.699
5008406;2023-11-25 10:30:00;;;;;70;20;95;E;20;Danau Ranu Kumbolo;Kab. Lumajang;Jawa Timur;-8.049;112.917
5008171;2023-11-25 10:30:00;;;;;55;30;60;SE;20;Dander;Kab. Bojonegoro;Jawa Timur;-7.25310009999999;111.833010599999
5008691;2023-11-25 10:30:00;;;;;60;28;2;E;30;Dasuk;Kab. Sumenep;Jawa Timur;-6.919;113.822
5008464;2023-11-25 10:30:00;;;;;60;24;61;SE;20;Dau;Kab. Malang;Jawa Timur;-7.954;112.463
5008494;2023-11-25 10:30:00;;;;;55;28;61;SE;20;Dawar Blandong;Kab. Mojokerto;Jawa Timur;-7.33;112.425
5008381;2023-11-25 10:30:00;;;;;55;31;63;SE;20;Deket;Kab. Lamongan;Jawa Timur;-7.1083;112.443
5008199;2023-11-25 10:30:00;;;;;60;28;60;E;20;Desa Wisata Organik;Kab. Bondowoso;Jawa Timur;-7.943;113.889
5008270;2023-11-25 10:30:00;;;;;55;28;60;SE;20;Diwek;Kab. Jombang;Jawa Timur;-7.591;112.236
5008495;2023-11-25 10:30:00;;;;;60;25;61;E;20;Dlanggu;Kab. Mojokerto;Jawa Timur;-7.56;112.481
5008146;2023-11-25 10:30:00;;;;;60;28;60;SE;20;Doko;Kab. Blitar;Jawa Timur;-8.084;112.37
5008429;2023-11-25 10:30:00;;;;;55;31;63;SE;20;Dolopo;Kab. Madiun;Jawa Timur;-7.7725856;111.5107273
5008713;2023-11-25 10:30:00;;;;;60;26;95;E;20;Dongko;Kab. Trenggalek;Jawa Timur;-8.206;111.525
5008465;2023-11-25 10:30:00;;;;;60;27;60;E;20;Donomulyo;Kab. Malang;Jawa Timur;-8.316;112.361
5008550;2023-11-25 10:30:00;;;;;60;26;95;E;30;Donorojo;Kab. Pacitan;Jawa Timur;-8.191017;110.953245
5008618;2023-11-25 10:30:00;;;;;60;29;95;E;20;Dringu;Kab. Probolinggo;Jawa Timur;-7.7845721;113.2218125
5008222;2023-11-25 10:30:00;;;;;50;31;61;E;20;Driyorejo;Kab. Gresik;Jawa Timur;-7.3623317;112.6173592
5008223;2023-11-25 10:30:00;;;;;60;29;63;E;20;Duduk Sampeyan;Kab. Gresik;Jawa Timur;-7.1652831;112.519655
5008351;2023-11-25 10:30:00;;;;;50;31;60;E;20;Dukuh Pakis;Kota Surabaya;Jawa Timur;-7.2818319;112.7065271
5008224;2023-11-25 10:30:00;;;;;60;28;61;E;20;Dukun;Kab. Gresik;Jawa Timur;-6.9994003;112.5068951
5008692;2023-11-25 10:30:00;;;;;60;29;0;E;20;Dungkek;Kab. Sumenep;Jawa Timur;-6.965;114.084
5008714;2023-11-25 10:30:00;;;;;60;26;60;SE;20;Durenan;Kab. Trenggalek;Jawa Timur;-8.088;111.773
5008619;2023-11-25 10:30:00;;;;;70;22;61;E;20;Gading;Kab. Probolinggo;Jawa Timur;-7.8718342;113.4265795
5008340;2023-11-25 10:30:00;;;;;55;31;63;E;20;Gading Rejo;Kota Pasuruan;Jawa Timur;-7.6422684;112.8806882
5008104;2023-11-25 10:30:00;;;;;55;29;1;E;20;Galis;Kab. Bangkalan;Jawa Timur;-7.115;112.975
5008560;2023-11-25 10:30:00;;;;;55;29;2;E;30;Galis;Kab. Pamekasan;Jawa Timur;-7.142;113.55
5008121;2023-11-25 10:30:00;;;;;60;29;60;E;20;Gambiran;Kab. Banyuwangi;Jawa Timur;-8.418;114.131
5008291;2023-11-25 10:30:00;;;;;55;28;61;SE;20;Gampengrejo;Kab. Kediri;Jawa Timur;-7.762;112.014
5008693;2023-11-25 10:30:00;;;;;60;28;2;E;30;Ganding;Kab. Sumenep;Jawa Timur;-7.065;113.703
5008147;2023-11-25 10:30:00;;;;;60;28;60;SE;20;Gandusari;Kab. Blitar;Jawa Timur;-8.039;112.309
5008715;2023-11-25 10:30:00;;;;;60;26;95;E;20;Gandusari;Kab. Trenggalek;Jawa Timur;-8.141;111.681
5008694;2023-11-25 10:30:00;;;;;60;29;2;E;20;Gapura;Kab. Sumenep;Jawa Timur;-6.991;113.965
5008148;2023-11-25 10:30:00;;;;;60;28;60;SE;20;Garum;Kab. Blitar;Jawa Timur;-8.069;112.22
5008695;2023-11-25 10:30:00;;;;;65;29;0;E;20;Gayam;Kab. Sumenep;Jawa Timur;-7.13;114.346
5008352;2023-11-25 10:30:00;;;;;55;31;60;E;20;Gayungan;Kota Surabaya;Jawa Timur;-7.3365319;112.7183457
5008466;2023-11-25 10:30:00;;;;;60;27;60;E;30;Gedangan;Kab. Malang;Jawa Timur;-8.336;112.541
5008655;2023-11-25 10:30:00;;;;;55;30;63;E;20;Gedangan;Kab. Sidoarjo;Jawa Timur;-7.3893552;112.710754
5008496;2023-11-25 10:30:00;;;;;55;28;60;SE;20;Gedeg;Kab. Mojokerto;Jawa Timur;-7.456;112.394
5008105;2023-11-25 10:30:00;;;;;55;29;0;E;20;Geger;Kab. Madiun;Jawa Timur;-7.024;112.932
5008430;2023-11-25 10:30:00;;;;;55;29;95;SE;20;Geger;Kab. Bangkalan;Jawa Timur;-7.7068531;111.4942492
5008431;2023-11-25 10:30:00;;;;;55;30;60;S;20;Gemarang;Kab. Madiun;Jawa Timur;-7.6610579;111.6712994
5008573;2023-11-25 10:30:00;;;;;60;23;95;E;20;Gempol;Kab. Pasuruan;Jawa Timur;-7.5942421;112.6400935
5008620;2023-11-25 10:30:00;;;;;60;27;63;E;20;Gending;Kab. Probolinggo;Jawa Timur;-7.7968177;113.300052
5008531;2023-11-25 10:30:00;;;;;55;29;61;S;20;Geneng;Kab. Ngawi;Jawa Timur;-7.4873219;111.415664699999
5008122;2023-11-25 10:30:00;;;;;60;26;60;E;20;Genteng;Kota Surabaya;Jawa Timur;-8.332;114.119
5008353;2023-11-25 10:30:00;;;;;50;31;60;E;20;Genteng;Kab. Banyuwangi;Jawa Timur;-7.2584576;112.7516408
5008532;2023-11-25 10:30:00;;;;;55;29;61;S;20;Gerih;Kab. Ngawi;Jawa Timur;-7.5244863;111.3858548
5008696;2023-11-25 10:30:00;;;;;60;28;0;E;30;Gili Ginting / Gili Genteng;Kab. Sumenep;Jawa Timur;-7.19;113.897
5008123;2023-11-25 10:30:00;;;;;65;29;60;E;20;Giri;Kab. Banyuwangi;Jawa Timur;-8.192;114.311
5008124;2023-11-25 10:30:00;;;;;65;29;60;E;20;Glagah;Kab. Banyuwangi;Jawa Timur;-8.185;114.27007
5008382;2023-11-25 10:30:00;;;;;55;31;63;SE;20;Glagah;Kab. Lamongan;Jawa Timur;-7.0735;112.486
5008125;2023-11-25 10:30:00;;;;;60;28;60;E;20;Glenmore;Kab. Banyuwangi;Jawa Timur;-8.281;113.888
5008172;2023-11-25 10:30:00;;;;;55;28;60;S;20;Gondang;Kab. Bojonegoro;Jawa Timur;-7.4152274;111.833010599999
5008497;2023-11-25 10:30:00;;;;;60;25;61;E;20;Gondang;Kab. Tulungagung;Jawa Timur;-7.608;112.488
5008514;2023-11-25 10:30:00;;;;;55;28;61;S;20;Gondang;Kab. Nganjuk;Jawa Timur;-7.5271179;111.9263389
5008748;2023-11-25 10:30:00;;;;;60;26;60;SE;20;Gondang;Kab. Mojokerto;Jawa Timur;-8.074;111.792
5008574;2023-11-25 10:30:00;;;;;55;31;63;E;20;Gondang Wetan;Kab. Pasuruan;Jawa Timur;-7.7087087;112.895196
5008467;2023-11-25 10:30:00;;;;;60;27;63;E;20;Gondanglegi;Kab. Malang;Jawa Timur;-8.158;112.588
5008727;2023-11-25 10:30:00;;;;;60;28;60;SE;20;Grabagan;Kab. Tuban;Jawa Timur;-7.013;111.988
5008575;2023-11-25 10:30:00;;;;;60;28;95;E;20;Grati;Kab. Pasuruan;Jawa Timur;-7.7384791;112.9842515
501279;2023-11-25 10:30:00;;;;;60;29;60;E;20;Gresik;Kab. Gresik;Jawa Timur;-7.158125;112.651062
5008292;2023-11-25 10:30:00;;;;;60;25;61;SE;20;Grogol;Kab. Kediri;Jawa Timur;-7.755;111.885
5008200;2023-11-25 10:30:00;;;;;60;28;60;E;20;Grujugan;Kab. Bondowoso;Jawa Timur;-7.972;113.715
5008354;2023-11-25 10:30:00;;;;;50;31;60;E;20;Gubeng;Kota Surabaya;Jawa Timur;-7.2716732;112.7538569
5008407;2023-11-25 10:30:00;;;;;55;29;95;E;20;Gucialit;Kab. Lumajang;Jawa Timur;-8.049;113.139
5008271;2023-11-25 10:30:00;;;;;55;28;60;SE;20;Gudo;Kab. Jombang;Jawa Timur;-7.628;112.213
5008697;2023-11-25 10:30:00;;;;;60;27;1;E;20;Guluk Guluk;Kab. Sumenep;Jawa Timur;-7.049;113.632
5008240;2023-11-25 10:30:00;;;;;60;30;0;E;20;Gumuk Mas;Kab. Jember;Jawa Timur;-8.334;113.331
5008355;2023-11-25 10:30:00;;;;;55;31;60;E;20;Gununganyar;Kota Surabaya;Jawa Timur;-7.3409748;112.7624209
5008293;2023-11-25 10:30:00;;;;;55;28;61;SE;20;Gurah;Kab. Kediri;Jawa Timur;-7.822;112.072
5008656;2023-11-25 10:30:00;;;;;60;30;95;E;20;Jabon;Kab. Sidoarjo;Jawa Timur;-7.5366566;112.753785
5008468;2023-11-25 10:30:00;;;;;55;27;63;E;20;Jabung;Kab. Malang;Jawa Timur;-7.933;112.723
5008356;2023-11-25 10:30:00;;;;;50;31;60;E;20;Jambangan;Kota Surabaya;Jawa Timur;-7.3240036;112.7032866
5008201;2023-11-25 10:30:00;;;;;60;28;60;E;20;Jambesari;Kab. Bondowoso;Jawa Timur;-7.983;113.832
5008599;2023-11-25 10:30:00;;;;;55;31;63;SE;20;Jambon;Kab. Ponorogo;Jawa Timur;-7.894669;111.373901
5008675;2023-11-25 10:30:00;;;;;55;27;60;E;20;Jangkar;Kab. Situbondo;Jawa Timur;-7.7760706;114.1393475
5008676;2023-11-25 10:30:00;;;;;70;22;60;E;20;Jatibanteng;Kab. Situbondo;Jawa Timur;-7.8302131;113.616677
5008515;2023-11-25 10:30:00;;;;;55;28;60;SE;20;Jatikalen;Kab. Nganjuk;Jawa Timur;-7.4902911;112.0908652
5008498;2023-11-25 10:30:00;;;;;55;28;60;SE;20;Jatirejo;Kab. Mojokerto;Jawa Timur;-7.47;112.434
5008728;2023-11-25 10:30:00;;;;;60;28;1;SE;20;Jatirogo;Kab. Tuban;Jawa Timur;-6.858;111.642
5008408;2023-11-25 10:30:00;;;;;55;29;63;E;20;Jatiroto;Kab. Lumajang;Jawa Timur;-8.129;113.254
5008241;2023-11-25 10:30:00;;;;;60;26;61;E;20;Jelbuk;Kab. Jember;Jawa Timur;-8.084;113.756
501280;2023-11-25 10:30:00;;;;;60;26;60;E;20;Jember;Kab. Jember;Jawa Timur;-8.183333334;113.6833
5008600;2023-11-25 10:30:00;;;;;55;31;63;SE;20;Jenangan;Kab. Ponorogo;Jawa Timur;-7.836173;111.520844
5008242;2023-11-25 10:30:00;;;;;60;26;2;E;20;Jenggawah;Kab. Jember;Jawa Timur;-8.268;113.645
5008729;2023-11-25 10:30:00;;;;;60;28;60;SE;20;Jenu;Kab. Tuban;Jawa Timur;-6.796;111.964
5008499;2023-11-25 10:30:00;;;;;55;28;61;SE;20;Jetis;Kab. Mojokerto;Jawa Timur;-7.403;112.427
5008601;2023-11-25 10:30:00;;;;;55;31;63;SE;20;Jetis;Kab. Ponorogo;Jawa Timur;-7.932755;111.461792
5008432;2023-11-25 10:30:00;;;;;55;29;95;SE;20;Jiwan;Kab. Madiun;Jawa Timur;-7.6128361;111.4526334
5008533;2023-11-25 10:30:00;;;;;60;28;61;S;20;Jogorogo;Kab. Ngawi;Jawa Timur;-7.536536;111.248731899999
5008272;2023-11-25 10:30:00;;;;;55;28;60;SE;20;Jogoroto;Kab. Jombang;Jawa Timur;-7.589;112.268
501281;2023-11-25 10:30:00;;;;;55;28;60;SE;20;Jombang;Kab. Jombang;Jawa Timur;-7.55994;112.25719
5008243;2023-11-25 10:30:00;;;;;60;30;61;E;20;Jombang;Kab. Jember;Jawa Timur;-8.244;113.345
5008641;2023-11-25 10:30:00;;;;;55;29;1;E;20;Jrengik;Kab. Sampang;Jawa Timur;-7.102;113.162
5008316;2023-11-25 10:30:00;;;;;65;22;61;SE;20;Junrejo;Kota Batu;Jawa Timur;-7.903;112.506
5008126;2023-11-25 10:30:00;;;;;65;29;60;E;20;Kabat;Kab. Banyuwangi;Jawa Timur;-8.27;114.272
5008273;2023-11-25 10:30:00;;;;;55;30;61;SE;20;Kabuh;Kab. Jombang;Jawa Timur;-7.395;112.215
5002271;2023-11-25 10:30:00;;;;;60;28;61;SE;20;Kabupaten Blitar;Kab. Blitar;Jawa Timur;-8.129929;112.252808
5002268;2023-11-25 10:30:00;;;;;60;28;61;SE;20;Kabupaten Kediri;Kab. Kediri;Jawa Timur;-7.806242;112.180023
501288;2023-11-25 10:30:00;;;;;55;30;61;S;20;Kabupaten Madiun;Kab. Madiun;Jawa Timur;-7.61259;111.64713
501284;2023-11-25 10:30:00;;;;;60;27;63;E;20;Kabupaten Malang;Kab. Malang;Jawa Timur;-8.131161;112.570081
5002269;2023-11-25 10:30:00;;;;;60;25;61;E;20;Kabupaten Mojokerto;Kab. Mojokerto;Jawa Timur;-7.620484;112.510643
5002272;2023-11-25 10:30:00;;;;;60;28;63;E;20;Kabupaten Pasuruan;Kab. Pasuruan;Jawa Timur;-7.750285;112.820148
5002270;2023-11-25 10:30:00;;;;;60;27;95;E;20;Kabupaten Probolinggo;Kab. Probolinggo;Jawa Timur;-7.850203;113.310242
5008149;2023-11-25 10:30:00;;;;;55;28;61;SE;20;Kademangan;Kota Probolinggo;Jawa Timur;-8.182;112.106
5008342;2023-11-25 10:30:00;;;;;60;29;95;E;20;Kademangan;Kab. Blitar;Jawa Timur;-7.7755446;113.1636359
5008561;2023-11-25 10:30:00;;;;;60;27;0;E;20;Kadur;Kab. Pamekasan;Jawa Timur;-7.071;113.595
5008698;2023-11-25 10:30:00;;;;;60;28;1;E;30;Kalianget;Kab. Sumenep;Jawa Timur;-7.05;113.888
5008127;2023-11-25 10:30:00;;;;;60;28;60;E;20;Kalibaru;Kab. Banyuwangi;Jawa Timur;-8.269;113.904
5008749;2023-11-25 10:30:00;;;;;60;27;61;E;20;Kalidawir;Kab. Tulungagung;Jawa Timur;-8.206;111.885
5008469;2023-11-25 10:30:00;;;;;60;28;61;SE;20;Kalipare;Kab. Malang;Jawa Timur;-8.215;112.394
5008128;2023-11-25 10:30:00;;;;;65;29;60;E;20;Kalipuro;Kab. Banyuwangi;Jawa Timur;-8.143;114.311
5008244;2023-11-25 10:30:00;;;;;60;26;60;E;20;Kalisat;Kab. Jember;Jawa Timur;-8.125;113.738
5008383;2023-11-25 10:30:00;;;;;55;31;63;SE;20;Kalitengah;Kab. Lamongan;Jawa Timur;-7.032;112.3917
5008173;2023-11-25 10:30:00;;;;;55;30;0;SE;20;Kalitidu;Kab. Bojonegoro;Jawa Timur;-7.1448214;111.7733902
5008245;2023-11-25 10:30:00;;;;;60;26;60;E;20;Kaliwates;Kab. Jember;Jawa Timur;-8.188;113.654
5008106;2023-11-25 10:30:00;;;;;60;29;0;E;20;Kamal;Kab. Bangkalan;Jawa Timur;-7.174;112.722
5008716;2023-11-25 10:30:00;;;;;60;26;95;E;20;Kampak;Kab. Trenggalek;Jawa Timur;-8.201;111.619
5008294;2023-11-25 10:30:00;;;;;60;28;60;SE;20;Kandangan;Kab. Kediri;Jawa Timur;-7.749;112.257
5008699;2023-11-25 10:30:00;;;;;70;27;2;E;20;Kangayan;Kab. Sumenep;Jawa Timur;-6.919568;115.543857
5008343;2023-11-25 10:30:00;;;;;60;29;95;E;20;Kanigaran;Kota Probolinggo;Jawa Timur;-7.7615089;113.2036033
5008150;2023-11-25 10:30:00;;;;;60;28;61;SE;20;Kanigoro;Kab. Blitar;Jawa Timur;-8.182;112.22
5008174;2023-11-25 10:30:00;;;;;55;30;60;SE;20;Kanor;Kab. Bojonegoro;Jawa Timur;-7.11164279999999;112.035713699999
5008175;2023-11-25 10:30:00;;;;;55;30;0;SE;20;Kapas;Kab. Bojonegoro;Jawa Timur;-7.1995454;111.8926303
5008677;2023-11-25 10:30:00;;;;;55;28;60;E;20;Kapongan;Kab. Situbondo;Jawa Timur;-7.7116261;114.0453156
5008384;2023-11-25 10:30:00;;;;;55;31;63;SE;20;Karang Geneng;Kab. Lamongan;Jawa Timur;-7.0322;112.3917
5008642;2023-11-25 10:30:00;;;;;55;29;1;E;30;Karang Penang;Kab. Sampang;Jawa Timur;-7.049;113.394
5008717;2023-11-25 10:30:00;;;;;60;26;95;SE;20;Karangan;Kab. Trenggalek;Jawa Timur;-8.072;111.633
5008534;2023-11-25 10:30:00;;;;;60;28;60;S;20;Karanganyar;Kab. Ngawi;Jawa Timur;-7.3136979;111.224884999999
5008385;2023-11-25 10:30:00;;;;;60;28;63;E;20;Karangbinangun;Kab. Lamongan;Jawa Timur;-7.03466;112.4668
5008535;2023-11-25 10:30:00;;;;;55;29;61;S;20;Karangjati;Kab. Ngawi;Jawa Timur;-7.4584925;111.5826028
5008357;2023-11-25 10:30:00;;;;;50;31;60;E;20;Karangpilang;Kota Surabaya;Jawa Timur;-7.3333778;112.6994222
5008470;2023-11-25 10:30:00;;;;;65;22;63;SE;20;Karangploso;Kab. Malang;Jawa Timur;-7.854;112.563
5008444;2023-11-25 10:30:00;;;;;55;28;63;SE;30;Karangrejo;Kab. Tulungagung;Jawa Timur;-7.5634291;111.421626699999
5008750;2023-11-25 10:30:00;;;;;55;29;60;SE;20;Karangrejo;Kab. Magetan;Jawa Timur;-7.996;111.847
5008445;2023-11-25 10:30:00;;;;;55;28;63;SE;30;Karas;Kab. Magetan;Jawa Timur;-7.576066;111.3739309
5008433;2023-11-25 10:30:00;;;;;55;29;60;SE;20;Kare;Kab. Madiun;Jawa Timur;-7.7272812;111.6008239
5008327;2023-11-25 10:30:00;;;;;55;29;63;SE;20;Kartoharjo;Kota Madiun;Jawa Timur;-7.6165792;111.5216973
5008446;2023-11-25 10:30:00;;;;;55;29;63;SE;20;Kartoharjo / Kertoharjo;Kab. Magetan;Jawa Timur;-7.5298105;111.481247199999
5008471;2023-11-25 10:30:00;;;;;60;24;60;SE;20;Kasembon;Kab. Malang;Jawa Timur;-7.815;112.303
5008176;2023-11-25 10:30:00;;;;;60;29;1;SE;20;Kasiman;Kab. Bojonegoro;Jawa Timur;-7.1316244;111.630299799999
5008536;2023-11-25 10:30:00;;;;;55;29;61;S;20;Kasreman;Kab. Ngawi;Jawa Timur;-7.4011226;111.511057599999
5008602;2023-11-25 10:30:00;;;;;60;28;61;S;20;Kauman;Kab. Tulungagung;Jawa Timur;-7.535;111.245
5008751;2023-11-25 10:30:00;;;;;55;31;63;SE;20;Kauman;Kab. Ponorogo;Jawa Timur;-7.89739;111.445313
5008447;2023-11-25 10:30:00;;;;;55;28;95;SE;30;Kawedanan;Kab. Magetan;Jawa Timur;-7.6967057;111.4097027
5008295;2023-11-25 10:30:00;;;;;55;28;60;SE;20;Kayen Kidul;Kab. Kediri;Jawa Timur;-7.916;112.101
5008225;2023-11-25 10:30:00;;;;;60;29;61;E;20;Kebomas;Kab. Gresik;Jawa Timur;-7.1674014;112.6359449
5008551;2023-11-25 10:30:00;;;;;60;26;95;E;30;Kebonagung;Kab. Pacitan;Jawa Timur;-8.224573;111.155248
5008434;2023-11-25 10:30:00;;;;;55;31;63;SE;20;Kebonsari;Kab. Madiun;Jawa Timur;-7.743694;111.4493607
5008226;2023-11-25 10:30:00;;;;;50;31;63;E;20;Kedamean;Kab. Gresik;Jawa Timur;-7.325316;112.5643542
5008177;2023-11-25 10:30:00;;;;;70;30;1;E;20;Kedewan;Kab. Bojonegoro;Jawa Timur;-7.0103911;111.630299799999
5008322;2023-11-25 10:30:00;;;;;55;28;61;SE;20;Kediri Kota;Kota Kediri;Jawa Timur;-7.817;112.03
5008344;2023-11-25 10:30:00;;;;;60;29;95;E;20;Kedopok;Kota Probolinggo;Jawa Timur;-7.7868457;113.1873933
5008178;2023-11-25 10:30:00;;;;;55;30;60;SE;20;Kedungadem;Kab. Bojonegoro;Jawa Timur;-7.313666;112.035713699999
5008643;2023-11-25 10:30:00;;;;;55;29;1;E;20;Kedungdung;Kab. Sampang;Jawa Timur;-7.077;113.287
5008537;2023-11-25 10:30:00;;;;;60;28;60;S;20;Kedunggalar;Kab. Ngawi;Jawa Timur;-7.4310421;111.3202736
5008409;2023-11-25 10:30:00;;;;;55;29;95;E;20;Kedungjajang;Kab. Lumajang;Jawa Timur;-8.086;113.119
5008333;2023-11-25 10:30:00;;;;;55;27;63;E;20;Kedungkandang;Kota Malang;Jawa Timur;-8.008;112.626
5008386;2023-11-25 10:30:00;;;;;55;30;60;SE;20;Kedungpring;Kab. Lamongan;Jawa Timur;-7.17109;112.2084
5008752;2023-11-25 10:30:00;;;;;55;29;60;SE;20;Kedungwaru;Kab. Tulungagung;Jawa Timur;-8.038;111.89
5008576;2023-11-25 10:30:00;;;;;60;28;63;E;20;Kejayan;Kab. Pasuruan;Jawa Timur;-7.735753;112.8004445
5008387;2023-11-25 10:30:00;;;;;55;31;61;SE;20;Kembangbahu;Kab. Lamongan;Jawa Timur;-7.2035;112.349
5008500;2023-11-25 10:30:00;;;;;55;28;60;SE;20;Kemlagi;Kab. Mojokerto;Jawa Timur;-7.396;112.377
5008246;2023-11-25 10:30:00;;;;;55;29;1;E;20;Kencong;Kab. Jember;Jawa Timur;-8.282;113.285
5008538;2023-11-25 10:30:00;;;;;55;28;63;SE;30;Kendal;Kab. Ngawi;Jawa Timur;-7.55451849999999;111.2964262
5008678;2023-11-25 10:30:00;;;;;55;28;60;E;20;Kendit;Kab. Situbondo;Jawa Timur;-7.7416306;113.8804506
5008730;2023-11-25 10:30:00;;;;;60;28;0;SE;20;Kenduruan;Kab. Tuban;Jawa Timur;-6.939;111.642
5008358;2023-11-25 10:30:00;;;;;50;31;60;E;20;Kenjeran;Kota Surabaya;Jawa Timur;-7.2266385;112.7755131
5008472;2023-11-25 10:30:00;;;;;60;27;63;E;20;Kepanjen;Kab. Malang;Jawa Timur;-8.131;112.541
5008319;2023-11-25 10:30:00;;;;;55;28;60;SE;20;Kepanjen Kidul;Kota Blitar;Jawa Timur;-8.089;112.167
5008179;2023-11-25 10:30:00;;;;;55;30;60;SE;20;Kepoh Baru;Kab. Bojonegoro;Jawa Timur;-7.1899737;112.083406599999
5008296;2023-11-25 10:30:00;;;;;60;24;60;SE;20;Kepung;Kab. Kediri;Jawa Timur;-7.916;112.287
5008731;2023-11-25 10:30:00;;;;;60;28;63;SE;20;Kerek;Kab. Tuban;Jawa Timur;-6.889;111.833
5008516;2023-11-25 10:30:00;;;;;55;28;60;S;20;Kertosono;Kab. Nganjuk;Jawa Timur;-7.6062576;112.0526673
5008151;2023-11-25 10:30:00;;;;;60;28;61;SE;20;Kesamben;Kab. Blitar;Jawa Timur;-8.143;112.371
5008274;2023-11-25 10:30:00;;;;;55;28;60;SE;20;Kesamben;Kab. Jombang;Jawa Timur;-7.463;112.336
5008644;2023-11-25 10:30:00;;;;;60;28;1;E;20;Ketapang;Pelabuhan Ketapang;Jawa Timur;-6.892;113.312
5007893;2023-11-25 10:30:00;;;;;65;31;60;SE;20;Ketapang;Kab. Sampang;Pelabuhan;-8.150066;114.412823
5008202;2023-11-25 10:30:00;;;;;60;28;60;E;20;Klabang;Kab. Bondowoso;Jawa Timur;-7.846;113.882
5008410;2023-11-25 10:30:00;;;;;55;29;95;E;20;Klakah;Kab. Lumajang;Jawa Timur;-7.998;113.232
5008107;2023-11-25 10:30:00;;;;;60;28;1;E;20;Klampis;Kab. Bangkalan;Jawa Timur;-6.895;112.896
5008334;2023-11-25 10:30:00;;;;;55;27;63;E;20;Klojen;Kota Malang;Jawa Timur;-7.974;112.608
5008108;2023-11-25 10:30:00;;;;;55;29;1;E;20;Kokop;Kab. Bangkalan;Jawa Timur;-7.0204;113.121
5008109;2023-11-25 10:30:00;;;;;55;29;1;E;20;Konang;Kab. Bangkalan;Jawa Timur;-7.047;113.072
501275;2023-11-25 10:30:00;;;;;55;28;60;SE;20;Kota Blitar;Kota Blitar;Jawa Timur;-8.0973;112.137451
501282;2023-11-25 10:30:00;;;;;55;28;61;SE;20;Kota Kediri;Kota Kediri;Jawa Timur;-7.811684;112.016602
501287;2023-11-25 10:30:00;;;;;55;29;63;SE;20;Kota Madiun;Kota Madiun;Jawa Timur;-7.63149;111.53028
501290;2023-11-25 10:30:00;;;;;55;27;63;E;20;Kota Malang;Kota Malang;Jawa Timur;-7.97649;112.62725
501291;2023-11-25 10:30:00;;;;;55;28;61;SE;20;Kota Mojokerto;Kota Mojokerto;Jawa Timur;-7.46807;112.4377
501297;2023-11-25 10:30:00;;;;;55;31;63;E;20;Kota Pasuruan;Kota Pasuruan;Jawa Timur;-7.64;112.88
501300;2023-11-25 10:30:00;;;;;60;29;95;E;20;Kota Probolinggo;Kota Probolinggo;Jawa Timur;-7.78128;113.20905
5008700;2023-11-25 10:30:00;;;;;60;28;0;E;30;Kota Sumenep;Kab. Sumenep;Jawa Timur;-7.008;113.86
5008621;2023-11-25 10:30:00;;;;;55;28;60;E;20;Kotaanyar;Kab. Probolinggo;Jawa Timur;-7.7601946;113.5418834
5008622;2023-11-25 10:30:00;;;;;55;28;60;E;20;Kraksaan;Kab. Probolinggo;Jawa Timur;-7.7534051;113.4085255
5008297;2023-11-25 10:30:00;;;;;55;28;60;SE;20;Kras;Kab. Kediri;Jawa Timur;-7.916;111.981
5008577;2023-11-25 10:30:00;;;;;55;31;61;E;20;Kraton;Kab. Pasuruan;Jawa Timur;-7.6418826;112.8216081
5008623;2023-11-25 10:30:00;;;;;60;27;60;E;20;Krejengan;Kab. Probolinggo;Jawa Timur;-7.7992296;113.3979904
5008359;2023-11-25 10:30:00;;;;;50;31;60;E;20;Krembangan;Kota Surabaya;Jawa Timur;-7.2364271;112.7363764
5008657;2023-11-25 10:30:00;;;;;60;30;63;E;20;Krembung;Kab. Sidoarjo;Jawa Timur;-7.5167742;112.6202128
5008658;2023-11-25 10:30:00;;;;;55;28;61;SE;20;Krian;Kab. Sidoarjo;Jawa Timur;-7.4029037;112.5775554
5008473;2023-11-25 10:30:00;;;;;60;27;61;E;20;Kromengan;Kab. Malang;Jawa Timur;-8.112;112.465
5008624;2023-11-25 10:30:00;;;;;70;22;63;E;20;Krucil;Kab. Probolinggo;Jawa Timur;-7.9421212;113.448731
5008275;2023-11-25 10:30:00;;;;;55;28;60;SE;20;Kudu;Kab. Jombang;Jawa Timur;-7.44;112.304
5008411;2023-11-25 10:30:00;;;;;55;29;60;E;20;Kunir;Kab. Lumajang;Jawa Timur;-8.226;113.163
5008298;2023-11-25 10:30:00;;;;;60;28;60;SE;20;Kunjang;Kab. Kediri;Jawa Timur;-7.916;112.176
5008625;2023-11-25 10:30:00;;;;;70;22;95;E;20;Kuripan;Kab. Probolinggo;Jawa Timur;-7.9067335;113.1009255
5008501;2023-11-25 10:30:00;;;;;60;25;61;E;20;Kutorejo;Kab. Mojokerto;Jawa Timur;-7.567;112.51
5008539;2023-11-25 10:30:00;;;;;55;29;63;SE;20;Kwadungan;Kab. Ngawi;Jawa Timur;-7.50822689999999;111.505095499999
5008110;2023-11-25 10:30:00;;;;;50;31;1;E;20;Kwanyar;Kab. Bangkalan;Jawa Timur;-7.158;112.843
5008111;2023-11-25 10:30:00;;;;;50;31;1;E;20;Labang;Kab. Bangkalan;Jawa Timur;-7.157;112.782
5008360;2023-11-25 10:30:00;;;;;50;31;61;E;20;Lakar Santri;Kota Surabaya;Jawa Timur;-7.3036004;112.6329088
5008448;2023-11-25 10:30:00;;;;;55;31;95;SE;20;Lambeyan;Kab. Magetan;Jawa Timur;-7.7688788;111.3977787
501285;2023-11-25 10:30:00;;;;;55;31;63;SE;20;Lamongan;Kab. Lamongan;Jawa Timur;-7.13;112.39
5008562;2023-11-25 10:30:00;;;;;55;29;1;E;30;Larangan;Kab. Pamekasan;Jawa Timur;-7.138;113.589
5008388;2023-11-25 10:30:00;;;;;60;28;63;E;20;Laren;Kab. Lamongan;Jawa Timur;-6.9534;112.30529
5008474;2023-11-25 10:30:00;;;;;65;22;63;SE;20;Lawang;Kab. Malang;Jawa Timur;-7.843;112.623
5008626;2023-11-25 10:30:00;;;;;60;29;95;E;20;Leces;Kab. Probolinggo;Jawa Timur;-7.8547595;113.1928521
5008247;2023-11-25 10:30:00;;;;;60;26;61;E;20;Ledokombo;Kab. Jember;Jawa Timur;-8.137;113.785
5008578;2023-11-25 10:30:00;;;;;60;28;63;E;20;Lekok;Kab. Pasuruan;Jawa Timur;-7.6713521;112.9717285
5008517;2023-11-25 10:30:00;;;;;55;28;60;S;20;Lengkong;Kab. Nganjuk;Jawa Timur;-7.4709684;112.0018095
5008701;2023-11-25 10:30:00;;;;;60;28;0;E;30;Lenteng;Kab. Sumenep;Jawa Timur;-7.041;113.775
5008129;2023-11-25 10:30:00;;;;;60;26;1;E;20;Licin;Kab. Banyuwangi;Jawa Timur;-8.151;114.1708
5008518;2023-11-25 10:30:00;;;;;60;25;61;SE;20;Loceret;Kab. Nganjuk;Jawa Timur;-7.7054;111.8235
5008335;2023-11-25 10:30:00;;;;;55;27;63;E;20;Lowokwaru;Kota Malang;Jawa Timur;-7.925;112.561
501286;2023-11-25 10:30:00;;;;;55;29;61;E;20;Lumajang;Kab. Lumajang;Jawa Timur;-8.133333334;113.2167
5008412;2023-11-25 10:30:00;;;;;55;29;61;E;20;Lumajang;Kab. Lumajang;Jawa Timur;-8.133;113.157
5008579;2023-11-25 10:30:00;;;;;70;22;95;E;20;Lumbang;Kab. Probolinggo;Jawa Timur;-7.8308526;112.9559555
5008627;2023-11-25 10:30:00;;;;;70;22;95;E;20;Lumbang;Kab. Pasuruan;Jawa Timur;-7.841241;113.0117646
5008389;2023-11-25 10:30:00;;;;;60;28;61;SE;20;Maduran;Kab. Lamongan;Jawa Timur;-6.9532285;112.2477424
5008203;2023-11-25 10:30:00;;;;;60;28;61;E;20;Maesan;Kab. Bondowoso;Jawa Timur;-8.016;113.705
5008337;2023-11-25 10:30:00;;;;;55;28;61;SE;20;Magersari;Kota Mojokerto;Jawa Timur;-7.462;112.459
501289;2023-11-25 10:30:00;;;;;55;28;95;SE;30;Magetan;Kab. Magetan;Jawa Timur;-7.65453;111.3468
5008180;2023-11-25 10:30:00;;;;;60;29;0;SE;20;Malo;Kab. Bojonegoro;Jawa Timur;-7.1079117;111.701845199999
5008702;2023-11-25 10:30:00;;;;;60;28;0;E;30;Manding;Kab. Sumenep;Jawa Timur;-6.957;113.87
5008679;2023-11-25 10:30:00;;;;;55;28;60;E;20;Mangaran;Kab. Situbondo;Jawa Timur;-7.6399591;114.0277203
5008328;2023-11-25 10:30:00;;;;;55;29;63;SE;20;Manguharjo;Kota Madiun;Jawa Timur;-7.6256774;111.4972302
5008540;2023-11-25 10:30:00;;;;;60;28;1;S;20;Mantingan;Kab. Ngawi;Jawa Timur;-7.3830505;111.1593072
5008390;2023-11-25 10:30:00;;;;;55;30;60;SE;20;Mantup;Kab. Lamongan;Jawa Timur;-7.2703518;112.3228879
5008227;2023-11-25 10:30:00;;;;;60;29;63;E;20;Manyar;Kab. Gresik;Jawa Timur;-7.1205357;112.6017789
5008449;2023-11-25 10:30:00;;;;;55;29;95;SE;20;Maospati;Kab. Magetan;Jawa Timur;-7.6029897;111.4454748
5008181;2023-11-25 10:30:00;;;;;55;29;60;S;20;Margomulyo;Kab. Bojonegoro;Jawa Timur;-7.3210578;111.4872092
5008628;2023-11-25 10:30:00;;;;;60;27;95;E;20;Maron;Kab. Probolinggo;Jawa Timur;-7.8418835;113.3271855
5008703;2023-11-25 10:30:00;;;;;70;27;2;E;20;Masalembu;Kab. Sumenep;Jawa Timur;-5.567637;114.422264
5008248;2023-11-25 10:30:00;;;;;60;26;60;E;20;Mayang;Kab. Jember;Jawa Timur;-8.207;113.717
5008345;2023-11-25 10:30:00;;;;;60;29;63;E;20;Mayangan;Kota Probolinggo;Jawa Timur;-7.7454827;113.20034
5008276;2023-11-25 10:30:00;;;;;55;28;60;SE;20;Megaluh;Kab. Jombang;Jawa Timur;-7.494;112.172
5008436;2023-11-25 10:30:00;;;;;55;30;61;S;20;Mejayan;Kab. Madiun;Jawa Timur;-7.568801;111.6389706
5008228;2023-11-25 10:30:00;;;;;50;31;63;E;20;Menganti;Kab. Gresik;Jawa Timur;-7.2939533;112.5834499
5008732;2023-11-25 10:30:00;;;;;60;28;61;SE;20;Merakurak;Kab. Tuban;Jawa Timur;-6.873;111.964
5008680;2023-11-25 10:30:00;;;;;55;28;60;E;20;Mlandingan;Kab. Situbondo;Jawa Timur;-7.7742381;113.7617276
5008603;2023-11-25 10:30:00;;;;;55;31;63;SE;20;Mlarak;Kab. Ponorogo;Jawa Timur;-7.927995;111.51329
5008391;2023-11-25 10:30:00;;;;;55;30;60;SE;20;Modo;Kab. Lamongan;Jawa Timur;-7.2282487;112.115442
5008112;2023-11-25 10:30:00;;;;;55;29;2;E;20;Modung;Kab. Bangkalan;Jawa Timur;-7.164;112.965
5008299;2023-11-25 10:30:00;;;;;55;28;60;SE;20;Mojo;Kab. Kediri;Jawa Timur;-7.916;111.897
5008277;2023-11-25 10:30:00;;;;;55;28;60;SE;20;Mojoagung;Kab. Jombang;Jawa Timur;-7.568;112.339
5008502;2023-11-25 10:30:00;;;;;55;28;61;SE;20;Mojoanyar;Kab. Mojokerto;Jawa Timur;-7.48;112.482
5008323;2023-11-25 10:30:00;;;;;55;28;61;SE;20;Mojoroto;Kota Kediri;Jawa Timur;-7.813;112.005
5008503;2023-11-25 10:30:00;;;;;60;25;63;E;20;Mojosari;Kab. Mojokerto;Jawa Timur;-7.519;112.561
5008278;2023-11-25 10:30:00;;;;;55;28;60;SE;20;Mojowarno;Kab. Jombang;Jawa Timur;-7.633;112.302
5008733;2023-11-25 10:30:00;;;;;60;28;63;SE;20;Montong;Kab. Tuban;Jawa Timur;-6.968;111.88
5008361;2023-11-25 10:30:00;;;;;50;31;60;E;20;Mulyorejo;Kota Surabaya;Jawa Timur;-7.2612311;112.784805
5008249;2023-11-25 10:30:00;;;;;60;26;0;E;20;Mumbulsari;Kab. Jember;Jawa Timur;-8.256;113.662
5008130;2023-11-25 10:30:00;;;;;65;29;2;E;20;Muncar;Kab. Banyuwangi;Jawa Timur;-8.435357;114.315662
5008718;2023-11-25 10:30:00;;;;;60;26;95;E;20;Munjungan;Kab. Trenggalek;Jawa Timur;-8.311;111.536
5008552;2023-11-25 10:30:00;;;;;60;26;63;SE;20;Nawangan;Kab. Pacitan;Jawa Timur;-7.994892;111.185117
5008300;2023-11-25 10:30:00;;;;;55;28;61;SE;20;Ngadiluwih;Kab. Kediri;Jawa Timur;-7.916;111.995
5008553;2023-11-25 10:30:00;;;;;60;25;95;SE;20;Ngadirojo;Kab. Pacitan;Jawa Timur;-8.208942;111.324806
5008475;2023-11-25 10:30:00;;;;;60;27;60;E;20;Ngajum;Kab. Malang;Jawa Timur;-8.049;112.457
5008182;2023-11-25 10:30:00;;;;;55;29;61;S;20;Ngambon;Kab. Bojonegoro;Jawa Timur;-7.32940339999999;111.7256936
5008301;2023-11-25 10:30:00;;;;;60;28;60;SE;20;Ngancar;Kab. Kediri;Jawa Timur;-7.916;112.176
501293;2023-11-25 10:30:00;;;;;55;28;61;S;20;Nganjuk;Kab. Nganjuk;Jawa Timur;-7.556;111.9
5008476;2023-11-25 10:30:00;;;;;60;24;60;SE;20;Ngantang;Kab. Malang;Jawa Timur;-7.88;112.304
5008753;2023-11-25 10:30:00;;;;;55;29;60;SE;20;Ngantru;Kab. Tulungagung;Jawa Timur;-8.015;111.919
5008450;2023-11-25 10:30:00;;;;;55;28;95;SE;30;Ngariboyo;Kab. Magetan;Jawa Timur;-7.69020329999999;111.3381593
5008183;2023-11-25 10:30:00;;;;;55;30;60;SE;20;Ngasem;Kab. Kediri;Jawa Timur;-7.2471558;111.749541899999
5008302;2023-11-25 10:30:00;;;;;55;28;61;SE;20;Ngasem;Kab. Bojonegoro;Jawa Timur;-7.916;112.047
501294;2023-11-25 10:30:00;;;;;55;29;61;S;20;Ngawi;Kab. Ngawi;Jawa Timur;-7.400000001;111.4333
5008604;2023-11-25 10:30:00;;;;;60;25;60;SE;20;Ngebel;Kab. Ponorogo;Jawa Timur;-7.793997;111.634827
5008519;2023-11-25 10:30:00;;;;;60;25;60;SE;20;Ngetos;Kab. Nganjuk;Jawa Timur;-7.7475467;111.7613809
5008392;2023-11-25 10:30:00;;;;;55;30;60;SE;20;Ngimbang;Kab. Lamongan;Jawa Timur;-7.2828574;112.2078366
5008152;2023-11-25 10:30:00;;;;;55;28;60;SE;20;Nglegok;Kab. Blitar;Jawa Timur;-8.036;112.217
5008520;2023-11-25 10:30:00;;;;;55;28;60;S;20;Ngluyu;Kab. Nganjuk;Jawa Timur;-7.4418281;111.9460748
5008279;2023-11-25 10:30:00;;;;;60;28;60;SE;20;Ngoro;Kab. Jombang;Jawa Timur;-7.705;112.247
5008504;2023-11-25 10:30:00;;;;;60;25;63;E;20;Ngoro;Kab. Mojokerto;Jawa Timur;-7.551;112.616
5008184;2023-11-25 10:30:00;;;;;60;29;0;SE;20;Ngraho;Kab. Bojonegoro;Jawa Timur;-7.2363701;111.5587544
5008541;2023-11-25 10:30:00;;;;;60;28;61;S;20;Ngrambe;Kab. Ngawi;Jawa Timur;-7.4969478;111.224884999999
5008605;2023-11-25 10:30:00;;;;;60;25;95;SE;20;Ngrayun;Kab. Ponorogo;Jawa Timur;-8.072827;111.446686
5008521;2023-11-25 10:30:00;;;;;55;28;61;SE;20;Ngronggot;Kab. Nganjuk;Jawa Timur;-7.6728754;111.9891592
5008580;2023-11-25 10:30:00;;;;;60;28;95;E;20;Nguling;Kab. Pasuruan;Jawa Timur;-7.731218;113.0181321
5008451;2023-11-25 10:30:00;;;;;55;28;95;SE;30;Nguntoronadi;Kab. Magetan;Jawa Timur;-7.71527189999999;111.4454748
5008754;2023-11-25 10:30:00;;;;;55;29;60;SE;20;Ngunut;Kab. Tulungagung;Jawa Timur;-8.119;111.968
5008280;2023-11-25 10:30:00;;;;;55;28;60;SE;20;Ngusikan;Kab. Jombang;Jawa Timur;-7.413;112.336
5008704;2023-11-25 10:30:00;;;;;65;29;1;E;20;Nonggunong;Kab. Sumenep;Jawa Timur;-7.071;114.322
5008645;2023-11-25 10:30:00;;;;;55;29;1;E;20;Omben;Kab. Sampang;Jawa Timur;-7.123;113.332
5008362;2023-11-25 10:30:00;;;;;50;31;60;E;20;Pabean Cantikan;Kota Surabaya;Jawa Timur;-7.2167923;112.7293362
5008522;2023-11-25 10:30:00;;;;;60;25;61;SE;20;Pace;Kab. Nganjuk;Jawa Timur;-7.6845;111.8582
5008505;2023-11-25 10:30:00;;;;;60;25;61;E;20;Pacet;Kab. Mojokerto;Jawa Timur;-7.65;112.537
5008393;2023-11-25 10:30:00;;;;;60;28;63;E;20;Paciran;Kab. Lamongan;Jawa Timur;-6.8702206;112.3440401
501295;2023-11-25 10:30:00;;;;;60;26;60;E;30;Pacitan;Kab. Pacitan;Jawa Timur;-8.201381;111.090789
5008413;2023-11-25 10:30:00;;;;;55;29;95;E;20;Padang;Kab. Lumajang;Jawa Timur;-8.086;113.189
5008185;2023-11-25 10:30:00;;;;;60;29;1;SE;20;Padangan;Kab. Bojonegoro;Jawa Timur;-7.19350359999999;111.6064513
5008542;2023-11-25 10:30:00;;;;;55;29;61;S;20;Padas;Kab. Ngawi;Jawa Timur;-7.4609184;111.5349059
5008563;2023-11-25 10:30:00;;;;;55;29;60;E;30;Pademawu;Kab. Pamekasan;Jawa Timur;-7.229;113.534
5008477;2023-11-25 10:30:00;;;;;60;27;61;E;20;Pagak;Kab. Malang;Jawa Timur;-8.251;112.48
5008478;2023-11-25 10:30:00;;;;;60;27;61;E;20;Pagelaran;Kab. Malang;Jawa Timur;-8.215;112.527
5008755;2023-11-25 10:30:00;;;;;60;26;60;SE;20;Pagerwojo;Kab. Tulungagung;Jawa Timur;-7.965;111.721
5008303;2023-11-25 10:30:00;;;;;55;28;60;SE;20;Pagu;Kab. Kediri;Jawa Timur;-7.916;112.081
5008629;2023-11-25 10:30:00;;;;;55;28;60;E;20;Paiton;Kab. Probolinggo;Jawa Timur;-7.7312481;113.493645
5008630;2023-11-25 10:30:00;;;;;60;27;61;E;20;Pajarakan;Kab. Probolinggo;Jawa Timur;-7.7798101;113.3360435
5008363;2023-11-25 10:30:00;;;;;60;29;61;E;20;Pakal;Kota Surabaya;Jawa Timur;-7.2399674;112.6255013
5008756;2023-11-25 10:30:00;;;;;60;27;60;E;20;Pakel;Kab. Tulungagung;Jawa Timur;-8.15;111.798
5008204;2023-11-25 10:30:00;;;;;70;22;60;E;20;Pakem;Kab. Bondowoso;Jawa Timur;-7.903;113.629
5008479;2023-11-25 10:30:00;;;;;55;27;63;E;20;Pakis;Kab. Malang;Jawa Timur;-7.962;112.673
5008480;2023-11-25 10:30:00;;;;;60;27;63;E;20;Pakisaji;Kab. Malang;Jawa Timur;-8.059;112.556
5008564;2023-11-25 10:30:00;;;;;60;27;0;E;20;Pakong;Kab. Pamekasan;Jawa Timur;-7.057;113.578
5008631;2023-11-25 10:30:00;;;;;55;28;60;E;20;Pakuniran;Kab. Probolinggo;Jawa Timur;-7.8217931;113.519032
5008250;2023-11-25 10:30:00;;;;;60;26;60;E;20;Pakusari;Kab. Jember;Jawa Timur;-8.154;113.735
5008734;2023-11-25 10:30:00;;;;;60;28;61;SE;20;Palang;Kab. Tuban;Jawa Timur;-6.944;112.154
5008565;2023-11-25 10:30:00;;;;;55;29;2;E;30;Palenga'an;Kab. Pamekasan;Jawa Timur;-7.079;113.441
501296;2023-11-25 10:30:00;;;;;55;29;2;E;30;Pamekasan;Kab. Pamekasan;Jawa Timur;-7.16;113.48
5008681;2023-11-25 10:30:00;;;;;55;28;60;E;20;Panarukan;Kab. Situbondo;Jawa Timur;-7.6930675;113.932822
5008229;2023-11-25 10:30:00;;;;;60;28;63;E;20;Panceng;Kab. Gresik;Jawa Timur;-6.9225626;112.4572801
5008581;2023-11-25 10:30:00;;;;;60;23;95;E;20;Pandaan;Kab. Pasuruan;Jawa Timur;-7.6462151;112.6908699
5008452;2023-11-25 10:30:00;;;;;55;28;63;SE;30;Panekan;Kab. Magetan;Jawa Timur;-7.6181865;111.248731899999
5008646;2023-11-25 10:30:00;;;;;55;29;2;E;20;Pangarengan;Kab. Sampang;Jawa Timur;-7.201;113.176
5008719;2023-11-25 10:30:00;;;;;60;25;60;SE;20;Panggul;Kab. Trenggalek;Jawa Timur;-8.243;111.384
5008153;2023-11-25 10:30:00;;;;;60;27;63;E;20;Panggungrejo;Kab. Blitar;Jawa Timur;-8.247;112.277
5008543;2023-11-25 10:30:00;;;;;55;29;61;SE;20;Pangkur;Kab. Ngawi;Jawa Timur;-7.5016153;111.5349059
5008682;2023-11-25 10:30:00;;;;;55;28;60;E;20;Panji;Kab. Situbondo;Jawa Timur;-7.7080806;114.0000945
5008154;2023-11-25 10:30:00;;;;;60;27;63;E;20;Pantai Serang;Kab. Blitar;Jawa Timur;-8.33;112.222
5008251;2023-11-25 10:30:00;;;;;60;26;63;E;20;Panti;Kab. Jember;Jawa Timur;-8.08;113.554
5008304;2023-11-25 10:30:00;;;;;55;28;60;SE;20;Papar;Kab. Kediri;Jawa Timur;-7.704;112.042
5008453;2023-11-25 10:30:00;;;;;55;28;95;SE;30;Parang;Kab. Magetan;Jawa Timur;-7.75634679999999;111.3441212
5008305;2023-11-25 10:30:00;;;;;60;28;61;SE;20;Pare;Kab. Kediri;Jawa Timur;-7.765;112.189
5008735;2023-11-25 10:30:00;;;;;55;30;61;SE;20;Parengan;Kab. Tuban;Jawa Timur;-7.051;111.833
5008544;2023-11-25 10:30:00;;;;;55;29;61;S;20;Paron;Kab. Ngawi;Jawa Timur;-7.4801534;111.356045
5008566;2023-11-25 10:30:00;;;;;60;27;1;E;20;Pasean;Kab. Pamekasan;Jawa Timur;-6.968686;113.558807
5008414;2023-11-25 10:30:00;;;;;55;29;60;E;20;Pasirian;Kab. Lumajang;Jawa Timur;-8.214;113.112
5008705;2023-11-25 10:30:00;;;;;60;27;0;E;20;Pasongsongan;Kab. Sumenep;Jawa Timur;-6.948;113.656
5008582;2023-11-25 10:30:00;;;;;60;28;63;E;20;Pasrepan;Kab. Pasuruan;Jawa Timur;-7.7679135;112.8281455
5008415;2023-11-25 10:30:00;;;;;70;20;63;E;20;Pasrujambe / Pasujambe;Kab. Lumajang;Jawa Timur;-8.093;112.885
5008523;2023-11-25 10:30:00;;;;;55;28;60;S;20;Patianrowo;Kab. Nganjuk;Jawa Timur;-7.5499216;112.0661013
5008252;2023-11-25 10:30:00;;;;;60;26;60;E;20;Patrang;Kab. Jember;Jawa Timur;-8.142;113.718
5008567;2023-11-25 10:30:00;;;;;55;29;2;E;30;Pegantenan;Kab. Pamekasan;Jawa Timur;-7.065;113.505
5008281;2023-11-25 10:30:00;;;;;55;28;60;SE;20;Perak;Kab. Jombang;Jawa Timur;-7.58;112.158
5008131;2023-11-25 10:30:00;;;;;60;29;1;E;20;Pesanggaran;Kab. Banyuwangi;Jawa Timur;-8.588;114.073
5008324;2023-11-25 10:30:00;;;;;55;28;61;SE;20;Pesantren;Kota Kediri;Jawa Timur;-7.83;112.043
5008282;2023-11-25 10:30:00;;;;;55;28;60;SE;20;Peterongan;Kab. Jombang;Jawa Timur;-7.517;112.284
5008325;2023-11-25 10:30:00;;;;;55;28;60;SE;20;Petilasan Joyoboyo;Kota Kediri;Jawa Timur;-7.776;112.074
5008437;2023-11-25 10:30:00;;;;;55;29;61;S;20;Pilangkenceng;Kab. Madiun;Jawa Timur;-7.470526;111.5901979
5008545;2023-11-25 10:30:00;;;;;55;29;2;S;20;Pitu;Kab. Ngawi;Jawa Timur;-7.34847999999999;111.3441212
5008283;2023-11-25 10:30:00;;;;;55;28;60;SE;20;Plandaan;Kab. Jombang;Jawa Timur;-7.467;112.185
5008454;2023-11-25 10:30:00;;;;;75;29;63;E;20;Plaosan;Kab. Magetan;Jawa Timur;-7.680719;111.224884999999
5008306;2023-11-25 10:30:00;;;;;60;28;61;SE;20;Plemahan;Kab. Kediri;Jawa Timur;-7.709;112.119
5008284;2023-11-25 10:30:00;;;;;55;28;60;SE;20;Ploso;Kab. Jombang;Jawa Timur;-7.46;112.223
5008307;2023-11-25 10:30:00;;;;;60;28;60;SE;20;Plosoklaten;Kab. Kediri;Jawa Timur;-7.872;112.124
5008736;2023-11-25 10:30:00;;;;;60;28;0;SE;20;Plumpang;Kab. Tuban;Jawa Timur;-7.036;112.119
5008720;2023-11-25 10:30:00;;;;;60;26;61;SE;20;Pogalan;Kab. Trenggalek;Jawa Timur;-8.089;111.712
5008583;2023-11-25 10:30:00;;;;;55;31;61;E;20;Poh Jentrek;Kab. Pasuruan;Jawa Timur;-7.6633721;112.8490844
5008481;2023-11-25 10:30:00;;;;;55;27;63;E;20;Poncokusumo;Kab. Malang;Jawa Timur;-8.032;112.752
5008455;2023-11-25 10:30:00;;;;;55;28;95;SE;30;Poncol;Kab. Magetan;Jawa Timur;-7.7191584;111.272578899999
5008155;2023-11-25 10:30:00;;;;;55;28;60;SE;20;Ponggok;Kab. Blitar;Jawa Timur;-8.025;112.114
501299;2023-11-25 10:30:00;;;;;55;31;63;SE;20;Ponorogo;Kab. Ponorogo;Jawa Timur;-7.871544;111.463165
5008659;2023-11-25 10:30:00;;;;;60;30;95;E;20;Porong;Kab. Sidoarjo;Jawa Timur;-7.5317682;112.6950081
5008706;2023-11-25 10:30:00;;;;;60;27;2;E;20;Pragaan;Kab. Sumenep;Jawa Timur;-7.088;113.656
5008205;2023-11-25 10:30:00;;;;;60;28;60;E;20;Prajekan;Kab. Bondowoso;Jawa Timur;-7.8403;113.935
5008338;2023-11-25 10:30:00;;;;;55;28;60;SE;20;Prajurit Kulon;Kota Mojokerto;Jawa Timur;-7.48;112.424
5008524;2023-11-25 10:30:00;;;;;55;28;61;SE;20;Prambon;Kab. Nganjuk;Jawa Timur;-7.70897;111.9382
5008660;2023-11-25 10:30:00;;;;;55;28;63;SE;20;Prambon;Kab. Sidoarjo;Jawa Timur;-7.4657757;112.5619955
5008584;2023-11-25 10:30:00;;;;;60;23;63;E;20;Prigen;Kab. Pasuruan;Jawa Timur;-7.6908046;112.602841
5008554;2023-11-25 10:30:00;;;;;60;26;63;E;30;Pringkuku;Kab. Pacitan;Jawa Timur;-8.174747;111.042981
5008416;2023-11-25 10:30:00;;;;;60;26;61;E;30;Pronojiwo;Kab. Lumajang;Jawa Timur;-8.218;112.967
5008568;2023-11-25 10:30:00;;;;;55;29;1;E;30;Proppo;Kab. Pamekasan;Jawa Timur;-7.098;113.379
5008757;2023-11-25 10:30:00;;;;;60;27;61;E;20;Pucanglaban;Kab. Tulungagung;Jawa Timur;-8.239;111.965
5008394;2023-11-25 10:30:00;;;;;55;31;60;SE;20;Pucuk;Kab. Lamongan;Jawa Timur;-7.0968347;112.2679158
5008606;2023-11-25 10:30:00;;;;;60;25;60;SE;20;Pudak;Kab. Ponorogo;Jawa Timur;-7.876985;111.697998
5008253;2023-11-25 10:30:00;;;;;60;30;0;E;20;Puger;Kab. Jember;Jawa Timur;-8.375;113.475
5008206;2023-11-25 10:30:00;;;;;60;28;60;E;20;Pujer;Kab. Bondowoso;Jawa Timur;-7.979;113.855
5008482;2023-11-25 10:30:00;;;;;60;24;60;SE;20;Pujon;Kab. Malang;Jawa Timur;-7.857;112.367
5002278;2023-11-25 10:30:00;;;;;70;28;60;E;20;Pulau Bawean;Kab. Gresik;Jawa Timur;-5.779966;112.653809
5008721;2023-11-25 10:30:00;;;;;60;25;95;SE;20;Pule;Kab. Trenggalek;Jawa Timur;-8.112;111.501
5008607;2023-11-25 10:30:00;;;;;55;31;63;SE;20;Pulung;Kab. Ponorogo;Jawa Timur;-7.874265;111.615601
5008308;2023-11-25 10:30:00;;;;;60;28;61;SE;20;Puncu;Kab. Kediri;Jawa Timur;-7.856;112.167
5008506;2023-11-25 10:30:00;;;;;60;25;63;E;20;Pungging;Kab. Mojokerto;Jawa Timur;-7.521;112.568
5008555;2023-11-25 10:30:00;;;;;60;26;63;E;30;Punung;Kab. Pacitan;Jawa Timur;-8.135835;111.012897
5008507;2023-11-25 10:30:00;;;;;55;28;60;SE;20;Puri;Kab. Mojokerto;Jawa Timur;-7.543;112.448
5008309;2023-11-25 10:30:00;;;;;55;28;61;SE;20;Purwoasri;Kab. Kediri;Jawa Timur;-7.635;112.095
5008585;2023-11-25 10:30:00;;;;;65;22;63;SE;20;Purwodadi;Kab. Pasuruan;Jawa Timur;-7.8160036;112.6604035
5008132;2023-11-25 10:30:00;;;;;60;29;60;E;20;Purwoharjo;Kab. Banyuwangi;Jawa Timur;-8.545;114.166
5008341;2023-11-25 10:30:00;;;;;55;31;63;E;20;Purworejo;Kota Pasuruan;Jawa Timur;-7.6648067;112.8769749
5008186;2023-11-25 10:30:00;;;;;60;29;60;SE;20;Purwosari;Kab. Bojonegoro;Jawa Timur;-7.2304674;111.6779967
5008586;2023-11-25 10:30:00;;;;;60;23;63;E;20;Purwosari;Kab. Pasuruan;Jawa Timur;-7.7573471;112.6870805
5008587;2023-11-25 10:30:00;;;;;70;22;63;E;20;Puspo;Kab. Pasuruan;Jawa Timur;-7.8552835;112.8562865
5008707;2023-11-25 10:30:00;;;;;65;29;1;E;20;Ra-as;Kab. Sumenep;Jawa Timur;-7.151;114.589
5008254;2023-11-25 10:30:00;;;;;60;30;60;E;20;Rambipuji;Kab. Jember;Jawa Timur;-8.228;113.561
5008417;2023-11-25 10:30:00;;;;;55;29;95;E;20;Randuagung;Kab. Lumajang;Jawa Timur;-8.046;113.243
5008418;2023-11-25 10:30:00;;;;;60;27;95;E;20;Ranuyoso;Kab. Lumajang;Jawa Timur;-7.947;113.259
5008525;2023-11-25 10:30:00;;;;;55;28;61;S;20;Rejoso;Kab. Nganjuk;Jawa Timur;-7.5048605;111.806725
5008588;2023-11-25 10:30:00;;;;;55;31;63;E;20;Rejoso;Kab. Pasuruan;Jawa Timur;-7.6681581;112.911717
5008758;2023-11-25 10:30:00;;;;;55;28;60;SE;20;Rejotangan;Kab. Tulungagung;Jawa Timur;-8.146;112.03
5008589;2023-11-25 10:30:00;;;;;60;30;95;E;20;Rembang;Kab. Pasuruan;Jawa Timur;-7.6451986;112.7635945
5008737;2023-11-25 10:30:00;;;;;55;30;61;SE;20;Rengel;Kab. Tuban;Jawa Timur;-7.073;111.988
5008310;2023-11-25 10:30:00;;;;;55;29;60;SE;20;Ringinrejo;Kab. Kediri;Jawa Timur;-7.968;112.014
5008647;2023-11-25 10:30:00;;;;;60;28;1;E;20;Robatal;Kab. Sampang;Jawa Timur;-7.009;113.305
5008133;2023-11-25 10:30:00;;;;;65;29;60;E;20;Rogojampi;Kab. Banyuwangi;Jawa Timur;-8.338;114.269
5008419;2023-11-25 10:30:00;;;;;55;29;63;E;20;Rowokangkung;Kab. Lumajang;Jawa Timur;-8.193;113.323
5008708;2023-11-25 10:30:00;;;;;60;28;2;E;30;Rubaru;Kab. Sumenep;Jawa Timur;-6.963;113.751
5008364;2023-11-25 10:30:00;;;;;55;31;60;E;20;Rungkut;Kota Surabaya;Jawa Timur;-7.322778;112.770947
5008395;2023-11-25 10:30:00;;;;;55;30;60;SE;20;Sambeng;Kab. Lamongan;Jawa Timur;-7.2045843;112.1712193
5008365;2023-11-25 10:30:00;;;;;50;31;60;E;20;Sambikerep;Kota Surabaya;Jawa Timur;-7.2665016;112.6536369
5008608;2023-11-25 10:30:00;;;;;55;31;63;SE;20;Sambit;Kab. Ponorogo;Jawa Timur;-7.961317;111.509857
501302;2023-11-25 10:30:00;;;;;55;29;0;E;20;Sampang;Kab. Sampang;Jawa Timur;-7.183333334;113.2167
5008609;2023-11-25 10:30:00;;;;;55;31;95;SE;20;Sampung;Kab. Ponorogo;Jawa Timur;-7.80216;111.361542
5008156;2023-11-25 10:30:00;;;;;55;28;60;SE;20;Sanan Kulon;Kab. Blitar;Jawa Timur;-8.088;112.123
5008320;2023-11-25 10:30:00;;;;;55;28;60;SE;20;Sanan Wetan;Kota Blitar;Jawa Timur;-8.105;112.184
5008230;2023-11-25 10:30:00;;;;;70;28;60;E;20;Sangkapura;Kab. Gresik;Jawa Timur;-5.805926;112.644196
5008709;2023-11-25 10:30:00;;;;;70;27;0;E;20;Sapeken;Kab. Sumenep;Jawa Timur;-7.165;115.793
5008438;2023-11-25 10:30:00;;;;;55;29;63;S;20;Saradan;Kab. Madiun;Jawa Timur;-7.516331;111.6817368
5008396;2023-11-25 10:30:00;;;;;55;31;63;SE;20;Sarirejo;Kab. Lamongan;Jawa Timur;-7.192594;112.4003901
5008710;2023-11-25 10:30:00;;;;;60;28;2;E;30;Saronggi;Kab. Sumenep;Jawa Timur;-7.097;113.846
5008366;2023-11-25 10:30:00;;;;;50;31;60;E;20;Sawahan;Kab. Madiun;Jawa Timur;-7.284067;112.7159581
5008439;2023-11-25 10:30:00;;;;;55;29;63;SE;20;Sawahan;Kab. Nganjuk;Jawa Timur;-7.5688311;111.4888093
5008526;2023-11-25 10:30:00;;;;;55;28;60;S;20;Sawahan;Kota Surabaya;Jawa Timur;-7.513446;112.0736642
5008610;2023-11-25 10:30:00;;;;;55;31;95;SE;20;Sawoo;Kab. Ponorogo;Jawa Timur;-7.968118;111.553802
5008661;2023-11-25 10:30:00;;;;;55;30;61;E;20;Sedati;Kab. Sidoarjo;Jawa Timur;-7.4067796;112.758568
5008187;2023-11-25 10:30:00;;;;;55;29;61;S;20;Sekar;Kab. Bojonegoro;Jawa Timur;-7.4105646;111.7256936
5008397;2023-11-25 10:30:00;;;;;55;31;61;SE;20;Sekaran;Kab. Lamongan;Jawa Timur;-7.061569;112.2746521
5008157;2023-11-25 10:30:00;;;;;60;28;61;SE;20;Selopuro;Kab. Blitar;Jawa Timur;-8.139;112.312
5008158;2023-11-25 10:30:00;;;;;60;27;63;E;20;Selorejo;Kab. Blitar;Jawa Timur;-8.139;112.426
5008367;2023-11-25 10:30:00;;;;;50;31;60;E;20;Semampir;Kota Surabaya;Jawa Timur;-7.225275;112.744432
5008738;2023-11-25 10:30:00;;;;;60;28;0;SE;20;Semanding;Kab. Tuban;Jawa Timur;-6.949;112.059
5008255;2023-11-25 10:30:00;;;;;60;30;95;E;20;Semboro;Kab. Jember;Jawa Timur;-8.178;113.372
5008311;2023-11-25 10:30:00;;;;;60;25;60;SE;20;Semen;Kab. Kediri;Jawa Timur;-7.835;111.832
5008207;2023-11-25 10:30:00;;;;;70;22;1;E;20;Sempol;Kab. Bondowoso;Jawa Timur;-8.048;114.087
5008134;2023-11-25 10:30:00;;;;;65;29;60;E;20;Sempu;Kab. Banyuwangi;Jawa Timur;-8.338;114.269
5008759;2023-11-25 10:30:00;;;;;60;26;60;SE;20;Sendang;Kab. Tulungagung;Jawa Timur;-7.923;111.763
5008420;2023-11-25 10:30:00;;;;;55;29;95;E;20;Senduro;Kab. Lumajang;Jawa Timur;-8.095;113.086
5008739;2023-11-25 10:30:00;;;;;60;29;0;SE;20;Senori;Kab. Tuban;Jawa Timur;-7.055;111.737
5008113;2023-11-25 10:30:00;;;;;60;28;2;E;20;Sepulu;Kab. Bangkalan;Jawa Timur;-6.886;112.992
5008231;2023-11-25 10:30:00;;;;;60;28;61;E;20;Sidayu;Kab. Gresik;Jawa Timur;-6.9974944;112.561477
501303;2023-11-25 10:30:00;;;;;55;30;61;E;20;Sidoarjo;Kab. Sidoarjo;Jawa Timur;-7.44;112.77
5008456;2023-11-25 10:30:00;;;;;55;28;95;SE;30;Sidorejo;Kab. Magetan;Jawa Timur;-7.6530224;111.266617199999
5008135;2023-11-25 10:30:00;;;;;60;29;0;E;20;Siliragung;Kab. Banyuwangi;Jawa Timur;-8.524;114.0201
5008256;2023-11-25 10:30:00;;;;;60;26;1;E;20;Silo;Kab. Jember;Jawa Timur;-8.261;113.762
5008611;2023-11-25 10:30:00;;;;;55;31;63;SE;20;Siman;Kab. Ponorogo;Jawa Timur;-7.880386;111.492691
5008368;2023-11-25 10:30:00;;;;;50;31;60;E;20;Simokerto;Kota Surabaya;Jawa Timur;-7.2436765;112.7579185
5008326;2023-11-25 10:30:00;;;;;55;28;61;SE;20;Simpang Lima Gumul;Kota Kediri;Jawa Timur;-7.815;112.062
5008546;2023-11-25 10:30:00;;;;;75;29;60;E;20;Sine;Kab. Ngawi;Jawa Timur;-7.5605598;111.177191799999
5008740;2023-11-25 10:30:00;;;;;60;28;60;SE;20;Singgahan;Kab. Tuban;Jawa Timur;-6.983;111.773
5008136;2023-11-25 10:30:00;;;;;60;26;60;E;20;Singojuruh;Kab. Banyuwangi;Jawa Timur;-8.3007;114.196
5008483;2023-11-25 10:30:00;;;;;65;22;63;SE;20;Singosari;Kab. Malang;Jawa Timur;-7.847;112.599
501304;2023-11-25 10:30:00;;;;;55;28;60;E;20;Situbondo;Kab. Situbondo;Jawa Timur;-7.69;114.01
5008612;2023-11-25 10:30:00;;;;;60;25;95;SE;20;Slahung;Kab. Ponorogo;Jawa Timur;-8.012996;111.412354
5008114;2023-11-25 10:30:00;;;;;60;29;2;E;20;Socah;Kab. Bangkalan;Jawa Timur;-7.092;112.766
5008741;2023-11-25 10:30:00;;;;;55;30;61;SE;20;Soko;Kab. Tuban;Jawa Timur;-7.096;111.94
5008648;2023-11-25 10:30:00;;;;;60;28;0;E;20;Sokobanah;Kab. Sampang;Jawa Timur;-6.902;113.381
5008398;2023-11-25 10:30:00;;;;;60;28;63;E;20;Solokuro;Kab. Lamongan;Jawa Timur;-6.9116465;112.3169824
5008137;2023-11-25 10:30:00;;;;;60;26;60;E;20;Songgon;Kab. Banyuwangi;Jawa Timur;-8.197;114.086
5008138;2023-11-25 10:30:00;;;;;60;26;1;E;20;Songgon Pine Park / Rumah Pohon;Kab. Banyuwangi;Jawa Timur;-8.208;114.167
5008508;2023-11-25 10:30:00;;;;;55;28;60;SE;20;Sooko;Kab. Mojokerto;Jawa Timur;-7.501;112.416
5008613;2023-11-25 10:30:00;;;;;60;26;60;SE;20;Sooko;Kab. Ponorogo;Jawa Timur;-7.89603;111.687012
5008159;2023-11-25 10:30:00;;;;;55;28;60;SE;20;Srengat;Kab. Blitar;Jawa Timur;-8.061;112.061
5008649;2023-11-25 10:30:00;;;;;55;29;1;E;20;Sreseh;Kab. Sampang;Jawa Timur;-7.214;113.111
5008139;2023-11-25 10:30:00;;;;;65;29;60;E;20;Srono;Kab. Banyuwangi;Jawa Timur;-8.399;114.252
5008683;2023-11-25 10:30:00;;;;;55;28;60;E;20;Suboh;Kab. Situbondo;Jawa Timur;-7.7642826;113.704075
5008556;2023-11-25 10:30:00;;;;;60;25;95;SE;20;Sudimoro;Kab. Pacitan;Jawa Timur;-8.22933;111.336823
5008188;2023-11-25 10:30:00;;;;;55;30;60;SE;20;Sugihwaras;Kab. Bojonegoro;Jawa Timur;-7.32364889999999;111.9655877
5008399;2023-11-25 10:30:00;;;;;55;31;60;SE;20;Sugio;Kab. Lamongan;Jawa Timur;-7.1582198;112.2876572
5008632;2023-11-25 10:30:00;;;;;70;22;95;E;20;Sukapura;Kab. Probolinggo;Jawa Timur;-7.921261;112.974254
5008400;2023-11-25 10:30:00;;;;;55;30;60;SE;20;Sukodadi;Kab. Lamongan;Jawa Timur;-7.1580388;112.2196279
5008421;2023-11-25 10:30:00;;;;;55;29;63;E;20;Sukodono;Kab. Lumajang;Jawa Timur;-8.11;113.218
5008662;2023-11-25 10:30:00;;;;;55;30;63;E;20;Sukodono;Kab. Sidoarjo;Jawa Timur;-7.3974882;112.6478339
5008369;2023-11-25 10:30:00;;;;;55;31;60;E;20;Sukolilo;Kota Surabaya;Jawa Timur;-7.299762;112.770259
5008370;2023-11-25 10:30:00;;;;;50;31;60;E;20;Sukomanunggal;Kota Surabaya;Jawa Timur;-7.2608496;112.7123049
5008457;2023-11-25 10:30:00;;;;;55;28;63;SE;30;Sukomoro;Kab. Magetan;Jawa Timur;-7.6270796;111.3739309
5008527;2023-11-25 10:30:00;;;;;55;28;61;S;20;Sukomoro;Kab. Nganjuk;Jawa Timur;-7.5950006;111.91178
5008257;2023-11-25 10:30:00;;;;;60;26;60;E;20;Sukorambi;Kab. Jember;Jawa Timur;-8.158;113.664
5008401;2023-11-25 10:30:00;;;;;55;30;60;SE;20;Sukorame;Kab. Lamongan;Jawa Timur;-7.311134;112.0424826
5008321;2023-11-25 10:30:00;;;;;55;31;95;SE;20;Sukorejo;Kab. Ponorogo;Jawa Timur;-7.845697;111.420593
5008590;2023-11-25 10:30:00;;;;;60;23;95;E;20;Sukorejo;Kota Blitar;Jawa Timur;-7.6905031;112.693814
5008614;2023-11-25 10:30:00;;;;;60;28;61;S;20;Sukorejo;Kab. Pasuruan;Jawa Timur;-7.503;111.247
5008208;2023-11-25 10:30:00;;;;;60;28;60;E;20;Sukosari;Kab. Bondowoso;Jawa Timur;-7.938;113.919
5008189;2023-11-25 10:30:00;;;;;55;30;60;SE;20;Sukosewu;Kab. Bojonegoro;Jawa Timur;-7.25781609999999;111.9403254
5008258;2023-11-25 10:30:00;;;;;60;26;61;E;20;Sukowono;Kab. Jember;Jawa Timur;-8.06;113.761
5008336;2023-11-25 10:30:00;;;;;55;27;63;E;20;Sukun;Kota Malang;Jawa Timur;-7.991;112.571
5008633;2023-11-25 10:30:00;;;;;70;22;95;E;20;Sumber;Kab. Probolinggo;Jawa Timur;-7.9269518;113.1100422
5008259;2023-11-25 10:30:00;;;;;55;29;95;E;20;Sumber Baru;Kab. Jember;Jawa Timur;-8.091;113.341
5008260;2023-11-25 10:30:00;;;;;60;28;61;E;20;Sumber Jambe;Kab. Jember;Jawa Timur;-8.069;113.808
5008261;2023-11-25 10:30:00;;;;;60;26;60;E;20;Sumber Sari;Kab. Jember;Jawa Timur;-8.176;113.687
5008634;2023-11-25 10:30:00;;;;;60;29;95;E;20;Sumberasih;Kab. Probolinggo;Jawa Timur;-7.744205;113.159145
5008760;2023-11-25 10:30:00;;;;;55;29;60;SE;20;Sumbergempol;Kab. Tulungagung;Jawa Timur;-8.099;111.917
5008684;2023-11-25 10:30:00;;;;;70;22;60;E;20;Sumbermalang;Kab. Situbondo;Jawa Timur;-7.8742971;113.6028565
5008484;2023-11-25 10:30:00;;;;;60;27;61;E;30;Sumbermanjing;Kab. Malang;Jawa Timur;-8.344;112.654
5008485;2023-11-25 10:30:00;;;;;60;27;63;E;20;Sumberpucung;Kab. Malang;Jawa Timur;-8.165;112.452
5008190;2023-11-25 10:30:00;;;;;55;30;60;SE;20;Sumberrejo;Kab. Bojonegoro;Jawa Timur;-7.1763485;112.0029243
5008422;2023-11-25 10:30:00;;;;;55;29;60;E;20;Sumbersuko;Kab. Lumajang;Jawa Timur;-8.151;113.198
5008209;2023-11-25 10:30:00;;;;;60;28;1;E;20;Sumberwringin;Kab. Bondowoso;Jawa Timur;-7.984;113.986
501305;2023-11-25 10:30:00;;;;;60;28;0;E;30;Sumenep;Kab. Sumenep;Jawa Timur;-7.00034;113.85181
5008285;2023-11-25 10:30:00;;;;;55;28;60;SE;20;Sumobito;Kab. Jombang;Jawa Timur;-7.519;112.341
501306;2023-11-25 10:30:00;;;;;50;31;60;E;20;Surabaya;Kota Surabaya;Jawa Timur;-7.27981;112.71109
5008722;2023-11-25 10:30:00;;;;;60;26;95;E;20;Suruh;Kab. Trenggalek;Jawa Timur;-8.111;111.589
5008160;2023-11-25 10:30:00;;;;;60;28;61;SE;20;Sutojayan;Kab. Blitar;Jawa Timur;-8.169;112.215
5008486;2023-11-25 10:30:00;;;;;55;27;63;E;20;Tajinan;Kab. Malang;Jawa Timur;-8.059;112.641
5008458;2023-11-25 10:30:00;;;;;55;29;95;SE;20;Takeran;Kab. Magetan;Jawa Timur;-7.6827668;111.481247199999
5008711;2023-11-25 10:30:00;;;;;60;29;2;E;20;Talango;Kab. Sumenep;Jawa Timur;-7.088;114.013
5008161;2023-11-25 10:30:00;;;;;60;28;61;SE;20;Talun;Kab. Blitar;Jawa Timur;-8.09;112.288
5008329;2023-11-25 10:30:00;;;;;55;29;95;SE;20;Taman;Kab. Sidoarjo;Jawa Timur;-7.6467266;111.5132238
5008663;2023-11-25 10:30:00;;;;;50;31;63;E;20;Taman;Kota Madiun;Jawa Timur;-7.3631161;112.6499549
5008140;2023-11-25 10:30:00;;;;;60;29;0;E;20;Taman Nasional Alas Purwo;Kab. Banyuwangi;Jawa Timur;-8.682;114.451
5008262;2023-11-25 10:30:00;;;;;60;28;2;E;20;Taman Nasional Meru Betiri;Kab. Jember;Jawa Timur;-8.412;113.741
5008210;2023-11-25 10:30:00;;;;;60;28;61;E;20;Tamanan;Kab. Bondowoso;Jawa Timur;-8.019;113.813
5008211;2023-11-25 10:30:00;;;;;60;28;60;E;20;Tamankrocok;Kab. Bondowoso;Jawa Timur;-7.854;113.836
5008232;2023-11-25 10:30:00;;;;;70;28;60;E;20;Tambak;Kab. Gresik;Jawa Timur;-5.749;112.655
5008742;2023-11-25 10:30:00;;;;;60;28;61;SE;20;Tambakboyo;Kab. Tuban;Jawa Timur;-6.818;111.844
5008191;2023-11-25 10:30:00;;;;;60;29;60;SE;20;Tambakrejo;Kab. Bojonegoro;Jawa Timur;-7.3031783;111.642223999999
5008371;2023-11-25 10:30:00;;;;;50;31;60;E;20;Tambaksari;Kota Surabaya;Jawa Timur;-7.2571209;112.7552711
5008650;2023-11-25 10:30:00;;;;;55;29;1;E;20;Tambelangan;Kab. Sampang;Jawa Timur;-7.034;113.156
5008115;2023-11-25 10:30:00;;;;;60;29;0;E;20;Tanah Merah;Kab. Bangkalan;Jawa Timur;-7.0616;112.86
5008372;2023-11-25 10:30:00;;;;;50;31;60;E;20;Tandes;Kota Surabaya;Jawa Timur;-7.2590027;112.6780853
5008263;2023-11-25 10:30:00;;;;;60;30;95;E;20;Tanggul;Kab. Jember;Jawa Timur;-8.162;113.449
5008664;2023-11-25 10:30:00;;;;;60;30;95;E;20;Tanggulangin;Kab. Sidoarjo;Jawa Timur;-7.5068576;112.7039589
5008761;2023-11-25 10:30:00;;;;;60;27;61;E;20;Tanggung Gunung;Kab. Tulungagung;Jawa Timur;-8.232;111.866
5008528;2023-11-25 10:30:00;;;;;55;28;61;S;20;Tanjunganom;Kab. Nganjuk;Jawa Timur;-7.62559;111.92816
5008116;2023-11-25 10:30:00;;;;;60;28;1;E;20;Tanjungbumi;Kab. Bangkalan;Jawa Timur;-6.884;113.05
5008212;2023-11-25 10:30:00;;;;;60;28;60;E;20;Tapen;Kab. Bondowoso;Jawa Timur;-7.882;113.906
5008665;2023-11-25 10:30:00;;;;;55;28;61;SE;20;Tarik;Kab. Sidoarjo;Jawa Timur;-7.4478362;112.4933679
5008312;2023-11-25 10:30:00;;;;;60;25;61;SE;20;Tarokan;Kab. Kediri;Jawa Timur;-7.724;111.895
5008213;2023-11-25 10:30:00;;;;;60;28;60;E;20;Tegalampel;Kab. Bondowoso;Jawa Timur;-7.8701;113.781
5008141;2023-11-25 10:30:00;;;;;60;29;2;E;20;Tegaldlimo;Kab. Banyuwangi;Jawa Timur;-8.613;114.295
5008557;2023-11-25 10:30:00;;;;;60;26;63;SE;20;Tegalombo;Kab. Pacitan;Jawa Timur;-8.063309;111.298714
5008142;2023-11-25 10:30:00;;;;;60;29;60;E;20;Tegalsari;Kota Surabaya;Jawa Timur;-8.414;114.097
5008373;2023-11-25 10:30:00;;;;;50;31;60;E;20;Tegalsari;Kab. Banyuwangi;Jawa Timur;-7.2879939;112.7405244
5008635;2023-11-25 10:30:00;;;;;60;27;95;E;20;Tegalsiwalan;Kab. Probolinggo;Jawa Timur;-7.8728095;113.2254766
5008423;2023-11-25 10:30:00;;;;;55;29;63;E;20;Tekung;Kab. Lumajang;Jawa Timur;-8.173;113.276
5008192;2023-11-25 10:30:00;;;;;55;30;60;SE;20;Temayang;Kab. Bojonegoro;Jawa Timur;-7.3328576;111.9075351
5008286;2023-11-25 10:30:00;;;;;55;28;60;SE;20;Tembelang;Kab. Jombang;Jawa Timur;-7.479;112.232
5008424;2023-11-25 10:30:00;;;;;55;29;60;E;20;Tempeh;Kab. Lumajang;Jawa Timur;-8.21;113.168
5008264;2023-11-25 10:30:00;;;;;60;28;1;E;20;Tempurejo;Kab. Jember;Jawa Timur;-8.424;113.641
5008425;2023-11-25 10:30:00;;;;;60;26;60;E;30;Tempursari;Kab. Lumajang;Jawa Timur;-8.281;112.972
5008214;2023-11-25 10:30:00;;;;;60;28;60;E;20;Tenggarang;Kab. Bondowoso;Jawa Timur;-7.933;113.814
5008374;2023-11-25 10:30:00;;;;;55;31;60;E;20;Tenggilis Mejoyo;Kota Surabaya;Jawa Timur;-7.3140718;112.75713
5008265;2023-11-25 10:30:00;;;;;60;26;60;E;20;Tiara Jember Park Waterboom;Kab. Jember;Jawa Timur;-8.166;113.729
5008402;2023-11-25 10:30:00;;;;;55;31;63;SE;20;Tikung;Kab. Lamongan;Jawa Timur;-7.1563361;112.3936005
5008636;2023-11-25 10:30:00;;;;;60;27;95;E;20;Tiris;Kab. Probolinggo;Jawa Timur;-7.9447826;113.320977
5008487;2023-11-25 10:30:00;;;;;60;26;63;E;30;Tirtoyudo;Kab. Malang;Jawa Timur;-8.248;112.801
5008569;2023-11-25 10:30:00;;;;;55;29;1;E;30;Tlanakan;Kab. Pamekasan;Jawa Timur;-7.221;113.45
5008215;2023-11-25 10:30:00;;;;;60;28;60;E;20;Tlogosari;Kab. Bondowoso;Jawa Timur;-7.993;113.917
5008637;2023-11-25 10:30:00;;;;;60;28;95;E;20;Tongas;Kab. Probolinggo;Jawa Timur;-7.7578771;113.0605505
5008651;2023-11-25 10:30:00;;;;;55;29;1;E;20;Torjun;Kab. Sampang;Jawa Timur;-7.156;113.199
5008591;2023-11-25 10:30:00;;;;;70;22;95;E;20;Tosari;Kab. Pasuruan;Jawa Timur;-7.8949665;112.8666315
5008117;2023-11-25 10:30:00;;;;;60;29;2;E;20;Tragah;Kab. Bangkalan;Jawa Timur;-7.088;112.815
5008509;2023-11-25 10:30:00;;;;;60;23;63;E;20;Trawas;Kab. Mojokerto;Jawa Timur;-7.664;112.601
501307;2023-11-25 10:30:00;;;;;60;26;60;SE;20;Trenggalek;Kab. Trenggalek;Jawa Timur;-8.05;111.7167
5008510;2023-11-25 10:30:00;;;;;55;28;60;SE;20;Trowulan;Kab. Mojokerto;Jawa Timur;-7.553;112.377
5008193;2023-11-25 10:30:00;;;;;55;30;0;SE;20;Trucuk;Kab. Bojonegoro;Jawa Timur;-7.1079966;111.8032005
501308;2023-11-25 10:30:00;;;;;60;28;0;SE;20;Tuban;Kab. Tuban;Jawa Timur;-6.900000002;112.05
5008723;2023-11-25 10:30:00;;;;;60;26;95;SE;20;Tugu;Kab. Trenggalek;Jawa Timur;-8.029;111.594
5008558;2023-11-25 10:30:00;;;;;60;26;95;E;30;Tulakan;Kab. Pacitan;Jawa Timur;-8.170032;111.275711
5008666;2023-11-25 10:30:00;;;;;60;30;63;E;20;Tulangan;Kab. Sidoarjo;Jawa Timur;-7.4761882;112.6302339
501309;2023-11-25 10:30:00;;;;;55;29;60;SE;20;Tulungagung;Kab. Tulungagung;Jawa Timur;-8.0756;111.91587
5008488;2023-11-25 10:30:00;;;;;55;27;63;E;20;Tumpang;Kab. Malang;Jawa Timur;-8.012;112.688
5008489;2023-11-25 10:30:00;;;;;60;27;63;E;20;Turen;Kab. Malang;Jawa Timur;-8.177;112.636
5008403;2023-11-25 10:30:00;;;;;55;31;63;SE;20;Turi;Kab. Lamongan;Jawa Timur;-7.0960659;112.3722939
5008592;2023-11-25 10:30:00;;;;;70;22;63;E;20;Tutur;Kab. Pasuruan;Jawa Timur;-7.8661977;112.7700381
5008162;2023-11-25 10:30:00;;;;;55;28;60;SE;20;Udanawu;Kab. Blitar;Jawa Timur;-8.007;112.037
5008233;2023-11-25 10:30:00;;;;;60;28;60;E;20;Ujung Pangkah;Kab. Gresik;Jawa Timur;-6.9204813;112.5441598
5008266;2023-11-25 10:30:00;;;;;60;30;61;E;20;Umbulsari;Kab. Jember;Jawa Timur;-8.246;113.374
5008163;2023-11-25 10:30:00;;;;;60;24;60;SE;20;Waduk Selorejo;Kab. Blitar;Jawa Timur;-7.865;112.361
5008490;2023-11-25 10:30:00;;;;;60;27;61;E;20;Wagir;Kab. Malang;Jawa Timur;-8.009;112.479
5008491;2023-11-25 10:30:00;;;;;55;27;63;E;20;Wajak;Kab. Malang;Jawa Timur;-8.114;112.706
5008570;2023-11-25 10:30:00;;;;;60;27;2;E;20;Waru;Kab. Pamekasan;Jawa Timur;-7.030024;113.538208
5008667;2023-11-25 10:30:00;;;;;55;31;60;E;20;Waru;Kab. Sidoarjo;Jawa Timur;-7.3535772;112.7506839
5008164;2023-11-25 10:30:00;;;;;60;27;61;E;20;Wates;Kab. Kediri;Jawa Timur;-8.252;112.377
5008313;2023-11-25 10:30:00;;;;;55;28;61;SE;20;Wates;Kab. Blitar;Jawa Timur;-7.902;112.033
5008724;2023-11-25 10:30:00;;;;;60;26;95;E;20;Watulimo;Kab. Trenggalek;Jawa Timur;-8.265;111.644
5008743;2023-11-25 10:30:00;;;;;60;28;60;SE;20;Widang;Kab. Tuban;Jawa Timur;-7.023592;112.178006
5008547;2023-11-25 10:30:00;;;;;60;28;60;S;20;Widodaren;Kab. Ngawi;Jawa Timur;-7.4154388;111.224884999999
5008529;2023-11-25 10:30:00;;;;;55;30;61;S;20;Wilangan;Kab. Nganjuk;Jawa Timur;-7.6029824;111.7406055
5008593;2023-11-25 10:30:00;;;;;60;28;63;E;20;Winongan;Kab. Pasuruan;Jawa Timur;-7.7463907;112.9260459
5008375;2023-11-25 10:30:00;;;;;50;31;60;E;20;Wiyung;Kota Surabaya;Jawa Timur;-7.3140947;112.6952598
5008165;2023-11-25 10:30:00;;;;;60;28;60;SE;20;Wlingi;Kab. Blitar;Jawa Timur;-8.086;112.319
5008143;2023-11-25 10:30:00;;;;;70;22;60;E;20;Wongsorejo;Kab. Banyuwangi;Jawa Timur;-7.988;114.273
5008346;2023-11-25 10:30:00;;;;;60;29;95;E;20;Wonoasih;Kota Probolinggo;Jawa Timur;-7.7931531;113.2026244
5008440;2023-11-25 10:30:00;;;;;55;29;61;SE;20;Wonoasri;Kab. Madiun;Jawa Timur;-7.5888644;111.5641534
5008668;2023-11-25 10:30:00;;;;;55;30;63;E;20;Wonoayu;Kab. Sidoarjo;Jawa Timur;-7.4279081;112.6116895
5008376;2023-11-25 10:30:00;;;;;55;31;60;E;20;Wonocolo;Kota Surabaya;Jawa Timur;-7.31071;112.763263
5008166;2023-11-25 10:30:00;;;;;55;29;60;SE;20;Wonodadi;Kab. Blitar;Jawa Timur;-8.048;112.002
5008377;2023-11-25 10:30:00;;;;;50;31;60;E;20;Wonokromo;Kota Surabaya;Jawa Timur;-7.2915909;112.7320138
5008638;2023-11-25 10:30:00;;;;;60;29;95;E;20;Wonomerto;Kab. Probolinggo;Jawa Timur;-7.8289721;113.1374704
5008594;2023-11-25 10:30:00;;;;;60;28;63;E;20;Wonorejo;Kab. Pasuruan;Jawa Timur;-7.7229175;112.7586725
5008287;2023-11-25 10:30:00;;;;;60;24;60;SE;20;Wonosalam;Kab. Jombang;Jawa Timur;-7.706;112.364
5008216;2023-11-25 10:30:00;;;;;60;28;60;E;20;Wonosari;Kab. Malang;Jawa Timur;-7.912;113.867
5008492;2023-11-25 10:30:00;;;;;60;27;60;E;20;Wonosari;Kab. Bondowoso;Jawa Timur;-8.053;112.424
5008167;2023-11-25 10:30:00;;;;;55;28;60;SE;20;Wonotirto;Kab. Blitar;Jawa Timur;-8.094;112.172
5008217;2023-11-25 10:30:00;;;;;55;28;60;E;20;Wringin;Kab. Bondowoso;Jawa Timur;-7.829;113.743
5008234;2023-11-25 10:30:00;;;;;55;28;61;SE;20;Wringin Anom;Kab. Gresik;Jawa Timur;-7.4014585;112.5290002
5008267;2023-11-25 10:30:00;;;;;60;30;0;E;20;Wuluhan;Kab. Jember;Jawa Timur;-8.353;113.466
5008441;2023-11-25 10:30:00;;;;;55;29;63;SE;20;Wungu;Kab. Madiun;Jawa Timur;-7.6586544;111.5188279
5008426;2023-11-25 10:30:00;;;;;55;29;60;E;20;Yosowilangun;Kab. Lumajang;Jawa Timur;-8.24;113.311
